image_path,labels
/Users/carolinejohnson/Desktop/finalProject/data/swissmountains/Image01.jpg,"['Clear Sky', 'Water', 'Mountains', 'Rockes']"
/Users/carolinejohnson/Desktop/finalProject/data/swissmountains/Image02.jpg,"['Clear Sky', 'Water', 'Mountains', 'Rockes', 'Greens']"
/Users/carolinejohnson/Desktop/finalProject/data/swissmountains/Image03.jpg,"['Clear Sky', 'Water', 'Mountains', 'Rockes']"
/Users/carolinejohnson/Desktop/finalProject/data/swissmountains/Image04.jpg,"['Cloudy Sky', 'Snow', 'Mountains', 'Rockes', 'Greens']"
/Users/carolinejohnson/Desktop/finalProject/data/swissmountains/Image05.jpg,"['Cloudy Sky', 'Mountains']"
/Users/carolinejohnson/Desktop/finalProject/data/swissmountains/Image07.jpg,"['Snow', 'Mountains', 'Rockes']"
/Users/carolinejohnson/Desktop/finalProject/data/swissmountains/Image08.jpg,"['Clear Sky', 'Snow', 'Mountains', 'Rockes']"
/Users/carolinejohnson/Desktop/finalProject/data/swissmountains/Image09.jpg,"['Clear Sky', 'Snow', 'Mountains', 'Rockes']"
/Users/carolinejohnson/Desktop/finalProject/data/swissmountains/Image10.jpg,"['Clear Sky', 'Snow', 'Mountains', 'Rockes']"
/Users/carolinejohnson/Desktop/finalProject/data/swissmountains/Image11.jpg,"['Clear Sky', 'Snow', 'Mountains', 'Rockes']"
/Users/carolinejohnson/Desktop/finalProject/data/swissmountains/Image12.jpg,"['Clear Sky', 'Snow', 'Mountains', 'Rockes']"
/Users/carolinejohnson/Desktop/finalProject/data/swissmountains/Image14.jpg,"['Clear Sky', 'Snow', 'Mountains', 'Rockes']"
/Users/carolinejohnson/Desktop/finalProject/data/swissmountains/Image15.jpg,"['Snow', 'Mountains', 'Rockes']"
/Users/carolinejohnson/Desktop/finalProject/data/swissmountains/Image16.jpg,"['Clear Sky', 'Snow', 'Mountains', 'Rockes']"
/Users/carolinejohnson/Desktop/finalProject/data/swissmountains/Image17.jpg,"['Sky', 'Snow', 'Mountains', 'Rockes']"
/Users/carolinejohnson/Desktop/finalProject/data/swissmountains/Image19.jpg,"['Snow', 'Rockes']"
/Users/carolinejohnson/Desktop/finalProject/data/swissmountains/Image20.jpg,"['Clear Sky', 'Snow', 'Rockes']"
/Users/carolinejohnson/Desktop/finalProject/data/swissmountains/Image21.jpg,"['Clear Sky', 'Snow', 'Mountains', 'Rockes']"
/Users/carolinejohnson/Desktop/finalProject/data/swissmountains/Image22.jpg,"['Clear Sky', 'Snow', 'Rockes']"
/Users/carolinejohnson/Desktop/finalProject/data/swissmountains/Image23.jpg,"['Clear Sky', 'Snow', 'Mountains', 'Rockes']"
/Users/carolinejohnson/Desktop/finalProject/data/swissmountains/Image24.jpg,"['Sky', 'Snow']"
/Users/carolinejohnson/Desktop/finalProject/data/swissmountains/Image25.jpg,"['Clear Sky', 'Snow', 'Rockes']"
/Users/carolinejohnson/Desktop/finalProject/data/swissmountains/Image26.jpg,"['Clear Sky', 'Snow', 'Rockes']"
/Users/carolinejohnson/Desktop/finalProject/data/swissmountains/Image27.jpg,"['Clear Sky', 'Snow', 'Rockes']"
/Users/carolinejohnson/Desktop/finalProject/data/swissmountains/Image28.jpg,"['Clear Sky', 'Snow', 'Mountains', 'Rockes']"
/Users/carolinejohnson/Desktop/finalProject/data/swissmountains/Image29.jpg,"['Clear Sky', 'Snow', 'Rockes']"
/Users/carolinejohnson/Desktop/finalProject/data/swissmountains/Image30.jpg,"['Clear Sky', 'Snow', 'Mountains', 'Rockes']"
/Users/carolinejohnson/Desktop/finalProject/data/swissmountains/Image31.jpg,"['Snow', 'Mountains', 'Rockes']"
/Users/carolinejohnson/Desktop/finalProject/data/swissmountains/Image33.jpg,"['Snow', 'Mountains']"
/Users/carolinejohnson/Desktop/finalProject/data/swissmountains/Image34.jpg,"['Clear Sky', 'Snow', 'Mountains']"
/Users/carolinejohnson/Desktop/finalProject/data/cherries/Image01.jpg,"['flowers', 'bushes', 'ground', 'street']"
/Users/carolinejohnson/Desktop/finalProject/data/cherries/Image02.jpg,"['cherry trees', 'trees']"
/Users/carolinejohnson/Desktop/finalProject/data/cherries/Image03.jpg,"['cherry trees', 'trees', 'grass', 'bushes', 'sidewalk', 'overcast sky']"
/Users/carolinejohnson/Desktop/finalProject/data/cherries/Image04.jpg,"['cherry trees', 'trees', 'bushes', 'buildings', 'ground', 'sidewalk', '', 'overcast sky']"
/Users/carolinejohnson/Desktop/finalProject/data/cherries/Image05.jpg,"['cherry trees', 'trees', 'leafless trees', 'bushes', 'buildings', '', 'street', 'sidewalk', 'overcast sky']"
/Users/carolinejohnson/Desktop/finalProject/data/cherries/Image06.jpg,"['cherry trees', 'leafless trees', 'bushes', 'buildings', 'sidewalk', '', 'overcast sky']"
/Users/carolinejohnson/Desktop/finalProject/data/cherries/Image07.jpg,"['cherry trees', 'bushes', 'buildings']"
/Users/carolinejohnson/Desktop/finalProject/data/cherries/Image08.jpg,"['cherry trees', 'bushes', 'buildings', 'street', 'sidewalk', 'trash can', '', 'overcast sky']"
/Users/carolinejohnson/Desktop/finalProject/data/cherries/Image09.jpg,"['cherry trees', 'trees', 'grass', 'buildings', 'sidewalk', 'overcast sky']"
/Users/carolinejohnson/Desktop/finalProject/data/cherries/Image10.jpg,"['cherry trees', 'trees', 'grass', 'sidewalk', 'buildings', 'overcast sky']"
/Users/carolinejohnson/Desktop/finalProject/data/cherries/Image11.jpg,"['cherry trees', 'trees', 'bushes', 'car', 'house', 'overcast sky']"
/Users/carolinejohnson/Desktop/finalProject/data/cherries/Image12.jpg,"['cherry trees', 'house', 'partly cloudy sky']"
/Users/carolinejohnson/Desktop/finalProject/data/cherries/Image13.jpg,"['cherry trees', 'bushes', 'grass', 'sidewalk', 'pole', 'partly cloudy sky']"
/Users/carolinejohnson/Desktop/finalProject/data/cherries/Image14.jpg,"['cherry trees', 'cars', 'street', 'sidewalk', 'grass', 'bushes', 'leafless', 'trees', 'partly cloudy sky']"
/Users/carolinejohnson/Desktop/finalProject/data/cherries/Image15.jpg,"['cherry trees', 'cars', 'grass', 'bushes', 'leafless trees', 'street', '', 'partly cloudy sky']"
/Users/carolinejohnson/Desktop/finalProject/data/cherries/Image16.jpg,"['cherry trees', 'street', 'car', 'house', 'bushes', 'partly cloudy sky']"
/Users/carolinejohnson/Desktop/finalProject/data/cherries/Image17.jpg,"['cherry trees', 'house', 'trees', 'street', 'car', 'bushes', 'overcast sky']"
/Users/carolinejohnson/Desktop/finalProject/data/cherries/Image18.jpg,"['cherry trees', 'house', 'leafless trees', 'trees', 'bushes', 'overcast sky']"
/Users/carolinejohnson/Desktop/finalProject/data/cherries/Image19.jpg,"['cherry trees', 'leafless trees', 'bushes']"
/Users/carolinejohnson/Desktop/finalProject/data/cherries/Image20.jpg,"['cherry trees', 'trees', 'fence', 'overcast sky']"
/Users/carolinejohnson/Desktop/finalProject/data/cherries/Image21.jpg,"['cherry trees', 'trees', 'fence', 'overcast sky']"
/Users/carolinejohnson/Desktop/finalProject/data/cherries/Image22.jpg,"['cherry trees', 'trees', 'grass', 'overcast sky']"
/Users/carolinejohnson/Desktop/finalProject/data/cherries/Image23.jpg,"['cherry trees', 'trees', 'grass']"
/Users/carolinejohnson/Desktop/finalProject/data/cherries/Image24.jpg,"['cherry trees', 'trees', 'grass', 'overcast sky']"
/Users/carolinejohnson/Desktop/finalProject/data/cherries/Image25.jpg,"['cherry trees', 'trees', 'grass', 'overcast sky']"
/Users/carolinejohnson/Desktop/finalProject/data/cherries/Image26.jpg,"['cherry trees', 'trees', 'grass']"
/Users/carolinejohnson/Desktop/finalProject/data/cherries/Image27.jpg,"['cherry trees', 'trees', 'grass', 'overcast sky']"
/Users/carolinejohnson/Desktop/finalProject/data/cherries/Image28.jpg,"['cherry trees', 'trees', 'ground', 'overcast sky']"
/Users/carolinejohnson/Desktop/finalProject/data/cherries/Image29.jpg,"['cherry trees', 'trees', 'grass', 'overcast sky']"
/Users/carolinejohnson/Desktop/finalProject/data/cherries/Image30.jpg,"['cherry trees', 'trees', 'grass', 'overcast sky']"
/Users/carolinejohnson/Desktop/finalProject/data/cherries/Image31.jpg,"['cherry trees', 'trees', 'grass', 'overcast sky']"
/Users/carolinejohnson/Desktop/finalProject/data/cherries/Image32.jpg,"['cherry trees', 'trees', 'grass', 'overcast sky']"
/Users/carolinejohnson/Desktop/finalProject/data/cherries/Image33.jpg,"['cherry trees', 'trees', 'grass', 'people', 'overcast sky']"
/Users/carolinejohnson/Desktop/finalProject/data/cherries/Image34.jpg,"['cherry trees', 'grass', 'overcast sky']"
/Users/carolinejohnson/Desktop/finalProject/data/cherries/Image35.jpg,"['cherry trees', 'trees', 'leafless trees', 'grass', 'overcast sky']"
/Users/carolinejohnson/Desktop/finalProject/data/cherries/Image36.jpg,"['cherry trees', 'trees', 'grass', 'leafless trees', 'overcast sky']"
/Users/carolinejohnson/Desktop/finalProject/data/cherries/Image37.jpg,"['cherry trees', 'trees', 'grass']"
/Users/carolinejohnson/Desktop/finalProject/data/cherries/Image38.jpg,"['cherry trees', 'overcast sky']"
/Users/carolinejohnson/Desktop/finalProject/data/cherries/Image39.jpg,"['cherry trees', 'overcast sky']"
/Users/carolinejohnson/Desktop/finalProject/data/cherries/Image40.jpg,"['cherry trees', 'trees', 'leafless trees', 'grass', 'overcast sky']"
/Users/carolinejohnson/Desktop/finalProject/data/cherries/Image41.jpg,"['cherry trees', 'trees', 'leafless trees', 'grass', 'overcast sky']"
/Users/carolinejohnson/Desktop/finalProject/data/cherries/Image42.jpg,"['cherry trees', 'trees', 'grass', 'overcast sky']"
/Users/carolinejohnson/Desktop/finalProject/data/cherries/Image43.jpg,"['cherry trees', 'trees', 'grass', 'overcast sky']"
/Users/carolinejohnson/Desktop/finalProject/data/cherries/Image44.jpg,"['cherry trees', 'trees', 'grass', 'sidewalk', 'people', 'clear sky', 'quad']"
/Users/carolinejohnson/Desktop/finalProject/data/cherries/Image45.jpg,"['cherry trees', 'buildings', 'grass', 'sidewalk', 'clear sky', 'quad']"
/Users/carolinejohnson/Desktop/finalProject/data/cherries/Image46.jpg,"['cherry trees', 'buildings', 'grass', 'sidewalk', 'clear sky', 'quad']"
/Users/carolinejohnson/Desktop/finalProject/data/cherries/Image47.jpg,"['cherry trees', 'trees', 'buildings', 'grass', 'sidewalk', 'pole', 'people', '', 'clear sky', 'quad']"
/Users/carolinejohnson/Desktop/finalProject/data/cherries/Image48.jpg,"['cherry trees', 'trees', 'buildings', 'grass', 'sidewalk', 'pole', 'people', '', 'clear sky', 'quad']"
/Users/carolinejohnson/Desktop/finalProject/data/cherries/Image49.jpg,"['cherry trees', 'trees', 'buildings', 'grass', 'sidewalk', 'pole', 'people', '', 'clear sky', 'quad']"
/Users/carolinejohnson/Desktop/finalProject/data/cherries/Image50.jpg,"['cherry trees', 'trees', 'buildings', 'grass', 'sidewalk', 'pole', 'people', '', 'clear sky', 'quad']"
/Users/carolinejohnson/Desktop/finalProject/data/cherries/Image51.jpg,"['cherry trees', 'trees', 'buildings', 'grass', 'sidewalk', 'pole', 'people', '', 'clear sky', 'quad']"
/Users/carolinejohnson/Desktop/finalProject/data/cherries/Image52.jpg,"['cherry trees', 'trees', 'buildings', 'grass', 'sidewalk', 'pole', 'people', '', 'clear sky', 'quad']"
/Users/carolinejohnson/Desktop/finalProject/data/cherries/Image53.jpg,"['cherry trees', 'trees', 'buildings', 'grass', 'sidewalk', 'pole', 'people', '', 'clear sky', 'quad']"
/Users/carolinejohnson/Desktop/finalProject/data/cherries/Image54.jpg,"['cherry trees', 'trees', 'buildings', 'grass', 'sidewalk', 'pole', 'people', '', 'clear sky', 'quad']"
/Users/carolinejohnson/Desktop/finalProject/data/cherries/Image55.jpg,"['cherry trees', 'trees', 'buildings', 'grass', 'sidewalk', 'pole', 'people', '', 'clear sky', 'quad', '', '']"
/Users/carolinejohnson/Desktop/finalProject/data/yellowstone/Image01.jpg,"['sky', 'trees', 'greenery', 'river', 'rock', 'tree trunks', 'elk']"
/Users/carolinejohnson/Desktop/finalProject/data/yellowstone/Image02.jpg,"['partially cloudy sky', 'trees', 'fence', 'hot bubbling spring', 'ground']"
/Users/carolinejohnson/Desktop/finalProject/data/yellowstone/Image03.jpg,"['partially cloudy sky', 'trees', 'fence', 'boardwalk', 'geyser']"
/Users/carolinejohnson/Desktop/finalProject/data/yellowstone/Image04.jpg,"['partially cloudy sky', 'sunset', 'trees', 'hills', 'ground', 'geyser', '', 'Old Faithful']"
/Users/carolinejohnson/Desktop/finalProject/data/yellowstone/Image05.jpg,"['partially cloudy sky', 'sunset', 'trees', 'hills', 'ground', 'geyser', '', 'Old Faithful']"
/Users/carolinejohnson/Desktop/finalProject/data/yellowstone/Image06.jpg,"['partially cloudy sky', 'trees', 'ground', 'thermal pool']"
/Users/carolinejohnson/Desktop/finalProject/data/yellowstone/Image07.jpg,"['partially cloudy sky', 'trees', 'ground', 'rocks']"
/Users/carolinejohnson/Desktop/finalProject/data/yellowstone/Image08.jpg,"['cloudy sky', 'trees', 'hills', 'bridge', 'fence', 'people', 'geyser']"
/Users/carolinejohnson/Desktop/finalProject/data/yellowstone/Image09.jpg,"['cloudy sky', 'trees', 'ground', 'people', 'geyser', 'Old Faithful']"
/Users/carolinejohnson/Desktop/finalProject/data/yellowstone/Image10.jpg,"['cloudy sky', 'trees', 'ground', 'geyser', 'Old Faithful']"
/Users/carolinejohnson/Desktop/finalProject/data/yellowstone/Image11.jpg,"['cloudy sky', 'trees', 'ground', 'people', 'geyser', 'Old Faithful']"
/Users/carolinejohnson/Desktop/finalProject/data/yellowstone/Image12.jpg,"['cloudysky', 'trees', 'ground', 'people', 'geyser', 'Old Faithful']"
/Users/carolinejohnson/Desktop/finalProject/data/yellowstone/Image13.jpg,"['partially cloudy sky', 'trees', 'water', 'ground', 'log', 'people']"
/Users/carolinejohnson/Desktop/finalProject/data/yellowstone/Image14.jpg,"['cloudy sky', 'mountains', 'water', 'greenery']"
/Users/carolinejohnson/Desktop/finalProject/data/yellowstone/Image15.jpg,"['cloudy sky', 'trees', 'water', 'bridge', 'fence', 'cars', 'people']"
/Users/carolinejohnson/Desktop/finalProject/data/yellowstone/Image16.jpg,"['partially cloudy sky', 'trees', 'fence', 'boardwalk', 'geyser', 'people']"
/Users/carolinejohnson/Desktop/finalProject/data/yellowstone/Image17.jpg,"['sky', 'hill', 'tree', 'bison', 'road']"
/Users/carolinejohnson/Desktop/finalProject/data/yellowstone/Image18.jpg,"['partially cloudy sky', 'trees', 'bison', 'ground', 'greenery']"
/Users/carolinejohnson/Desktop/finalProject/data/yellowstone/Image19.jpg,"['partially cloudy sky', 'trees', 'hill', 'ground', 'water', 'grasses']"
/Users/carolinejohnson/Desktop/finalProject/data/yellowstone/Image20.jpg,"['partially cloudy sky', 'trees', 'canyon', 'rock']"
/Users/carolinejohnson/Desktop/finalProject/data/yellowstone/Image21.jpg,"['partially cloudy sky', 'trees', 'mountains', 'waterfall', 'rocks']"
/Users/carolinejohnson/Desktop/finalProject/data/yellowstone/Image22.jpg,"['partially cloudy sky', 'trees', 'mountains', 'waterfall', 'rocks']"
/Users/carolinejohnson/Desktop/finalProject/data/yellowstone/Image23.jpg,"['trees', 'rocks', 'waterfall']"
/Users/carolinejohnson/Desktop/finalProject/data/yellowstone/Image24.jpg,"['trees', 'rocks', 'ground', 'thermal pool']"
/Users/carolinejohnson/Desktop/finalProject/data/yellowstone/Image25.jpg,"['tree trunks', 'logs', 'greenery', 'water', 'elk']"
/Users/carolinejohnson/Desktop/finalProject/data/yellowstone/Image26.jpg,"['tree trunks', 'water', 'greens', 'elk']"
/Users/carolinejohnson/Desktop/finalProject/data/yellowstone/Image27.jpg,"['partially cloudy sky', 'trees', 'grasses', 'water', 'elk']"
/Users/carolinejohnson/Desktop/finalProject/data/yellowstone/Image28.jpg,"['partially cloudy sky', 'hills', 'tree trunks', 'trees', 'fence', 'greenery', '', 'ground', 'thermal pool']"
/Users/carolinejohnson/Desktop/finalProject/data/yellowstone/Image29.jpg,"['partially cloudy sky', 'hills', 'tree trunks', 'trees', 'greenery', 'ground', '', 'thermal pool']"
/Users/carolinejohnson/Desktop/finalProject/data/yellowstone/Image30.jpg,"['partially cloudy sky', 'hills', 'tree trunks', 'trees', 'greenery', 'ground', '', 'thermal pool']"
/Users/carolinejohnson/Desktop/finalProject/data/yellowstone/Image31.jpg,"['sky', 'hills', 'trees', 'tree trunks', 'ground', 'hot spring', 'geyser']"
/Users/carolinejohnson/Desktop/finalProject/data/yellowstone/Image32.jpg,"['partially cloudy sky', 'hills', 'tree trunks', 'trees', 'greenery', 'ground', '', 'thermal pool']"
/Users/carolinejohnson/Desktop/finalProject/data/yellowstone/Image33.jpg,"['partially cloudy sky', 'trees', 'grasses', 'thermal pool', 'ground', 'people', '', 'boardwalk']"
/Users/carolinejohnson/Desktop/finalProject/data/yellowstone/Image34.jpg,"['rocks', 'ground', 'thermal pool']"
/Users/carolinejohnson/Desktop/finalProject/data/yellowstone/Image35.jpg,"['partially cloudy sky', 'hills', 'trees', 'tree trunks', 'ground', 'thermal', 'pool']"
/Users/carolinejohnson/Desktop/finalProject/data/yellowstone/Image36.jpg,"['partially cloudy sky', 'hills', 'trees', 'tree trunks', 'ground', 'thermal', 'pool']"
/Users/carolinejohnson/Desktop/finalProject/data/yellowstone/Image37.jpg,"['partially cloudy sky', 'trees', 'ground', 'thermal pools']"
/Users/carolinejohnson/Desktop/finalProject/data/yellowstone/Image38.jpg,"['cloudy sky', 'rocks', 'tree trunks', 'bush']"
/Users/carolinejohnson/Desktop/finalProject/data/yellowstone/Image39.jpg,"['partially cloudy sky', 'hills', 'trees', 'grasses', 'ground', 'houses']"
/Users/carolinejohnson/Desktop/finalProject/data/yellowstone/Image40.jpg,"['cloudy sky', 'hills', 'trees', 'rocks', 'fence']"
/Users/carolinejohnson/Desktop/finalProject/data/yellowstone/Image41.jpg,"['cloudy sky', 'hills', 'trees', 'rocks']"
/Users/carolinejohnson/Desktop/finalProject/data/yellowstone/Image42.jpg,"['partially cloudy sky', 'mountains', 'hills', 'grass', 'trees', 'houses', 'rocks']"
/Users/carolinejohnson/Desktop/finalProject/data/yellowstone/Image43.jpg,"['partially cloudy sky', 'mountains', 'hills', 'grass', 'trees', 'houses', 'rocks']"
/Users/carolinejohnson/Desktop/finalProject/data/yellowstone/Image44.jpg,"['partially cloudy sky', 'mountains', 'hills', 'rocks', 'trees', 'fence']"
/Users/carolinejohnson/Desktop/finalProject/data/yellowstone/Image45.jpg,"['trees', 'tree trunks', 'bison', 'greenery', 'ground']"
/Users/carolinejohnson/Desktop/finalProject/data/yellowstone/Image46.jpg,"['tree trunks', 'logs', 'greenery', 'ground', 'elk']"
/Users/carolinejohnson/Desktop/finalProject/data/yellowstone/Image47.jpg,"['tree trunks', 'logs', 'greenery', 'ground', 'elk']"
/Users/carolinejohnson/Desktop/finalProject/data/yellowstone/Image48.jpg,"['tree trunks', 'logs', 'greenery', 'ground', 'elk', '', '', '']"
/Users/carolinejohnson/Desktop/finalProject/data/arborgreens/Image01.jpg,"['trees', 'bushes', 'grass', 'sidewalk']"
/Users/carolinejohnson/Desktop/finalProject/data/arborgreens/Image02.jpg,"['trees', 'bushes', 'sidewalk']"
/Users/carolinejohnson/Desktop/finalProject/data/arborgreens/Image03.jpg,"['trees', 'bushes']"
/Users/carolinejohnson/Desktop/finalProject/data/arborgreens/Image04.jpg,"['trees', 'bushes', 'grass', 'ground']"
/Users/carolinejohnson/Desktop/finalProject/data/arborgreens/Image05.jpg,"['trees', 'bushes', 'grass', 'sidewalk', 'rocks']"
/Users/carolinejohnson/Desktop/finalProject/data/arborgreens/Image06.jpg,"['trees', 'bushes', 'flowers', 'grass']"
/Users/carolinejohnson/Desktop/finalProject/data/arborgreens/Image07.jpg,"['bushes', 'flowers', 'rocks', 'grass']"
/Users/carolinejohnson/Desktop/finalProject/data/arborgreens/Image08.jpg,"['trees', 'flowers', 'grass']"
/Users/carolinejohnson/Desktop/finalProject/data/arborgreens/Image09.jpg,"['trees', 'flowers']"
/Users/carolinejohnson/Desktop/finalProject/data/arborgreens/Image10.jpg,"['bushes', 'flowers']"
/Users/carolinejohnson/Desktop/finalProject/data/arborgreens/Image11.jpg,"['bushes', 'flowers', 'trees', 'grass']"
/Users/carolinejohnson/Desktop/finalProject/data/arborgreens/Image12.jpg,"['bushes', 'flowers']"
/Users/carolinejohnson/Desktop/finalProject/data/arborgreens/Image13.jpg,"['trees', 'bushes', 'flowers', 'grass', 'sidewalk']"
/Users/carolinejohnson/Desktop/finalProject/data/arborgreens/Image14.jpg,"['trees', 'bushers', 'fern']"
/Users/carolinejohnson/Desktop/finalProject/data/arborgreens/Image15.jpg,"['trees', 'bushes']"
/Users/carolinejohnson/Desktop/finalProject/data/arborgreens/Image16.jpg,"['trees', 'bushes', 'ground']"
/Users/carolinejohnson/Desktop/finalProject/data/arborgreens/Image17.jpg,"['trees', 'bushes', 'ground']"
/Users/carolinejohnson/Desktop/finalProject/data/arborgreens/Image18.jpg,"['trees', 'bushes', 'ground']"
/Users/carolinejohnson/Desktop/finalProject/data/arborgreens/Image19.jpg,"['overcast sky', 'trees', 'bushes', 'tree trunk']"
/Users/carolinejohnson/Desktop/finalProject/data/arborgreens/Image20.jpg,"['overcast sky', 'trees', 'bushes', 'grass']"
/Users/carolinejohnson/Desktop/finalProject/data/arborgreens/Image21.jpg,"['trees', 'bushes', 'grass']"
/Users/carolinejohnson/Desktop/finalProject/data/arborgreens/Image22.jpg,"['trees', 'bushes', 'grass']"
/Users/carolinejohnson/Desktop/finalProject/data/arborgreens/Image23.jpg,"['clear sky', 'trees', 'bushes', 'ground']"
/Users/carolinejohnson/Desktop/finalProject/data/arborgreens/Image24.jpg,"['overcast sky', 'tree', 'bushes', 'grass', 'sidewalk']"
/Users/carolinejohnson/Desktop/finalProject/data/arborgreens/Image25.jpg,"['trees', 'bushes', 'grass', 'sidewalk']"
/Users/carolinejohnson/Desktop/finalProject/data/arborgreens/Image26.jpg,"['trees', 'bushes', 'grass', 'ground']"
/Users/carolinejohnson/Desktop/finalProject/data/arborgreens/Image27.jpg,"['trees', 'bushes', 'grass', 'ground', 'bench', 'tree trunks']"
/Users/carolinejohnson/Desktop/finalProject/data/arborgreens/Image28.jpg,"['trees', 'bushes', 'grass']"
/Users/carolinejohnson/Desktop/finalProject/data/arborgreens/Image29.jpg,"['trees', 'greens', 'grass', 'dogs']"
/Users/carolinejohnson/Desktop/finalProject/data/arborgreens/Image30.jpg,"['clear sky', 'trees', 'bushes', 'grass', 'people', 'dogs']"
/Users/carolinejohnson/Desktop/finalProject/data/arborgreens/Image31.jpg,"['overcast sky', 'trees', 'bushes', 'grass']"
/Users/carolinejohnson/Desktop/finalProject/data/arborgreens/Image32.jpg,"['clear sky', 'trees', 'bushes', 'grass']"
/Users/carolinejohnson/Desktop/finalProject/data/arborgreens/Image33.jpg,"['trees', 'bushes', 'grass']"
/Users/carolinejohnson/Desktop/finalProject/data/arborgreens/Image34.jpg,"['overcast sky', 'trees', 'bushes', 'grass']"
/Users/carolinejohnson/Desktop/finalProject/data/arborgreens/Image35.jpg,"['trees', 'bushes', 'grass', 'lilly pods', 'water']"
/Users/carolinejohnson/Desktop/finalProject/data/arborgreens/Image36.jpg,"['trees', 'bushes', 'grass', 'lilly pods', 'water']"
/Users/carolinejohnson/Desktop/finalProject/data/arborgreens/Image37.jpg,"['trees', 'bushes', 'grass']"
/Users/carolinejohnson/Desktop/finalProject/data/arborgreens/Image38.jpg,"['trees', 'bushes', 'grass']"
/Users/carolinejohnson/Desktop/finalProject/data/arborgreens/Image39.jpg,"['trees', 'bushes', 'grass']"
/Users/carolinejohnson/Desktop/finalProject/data/arborgreens/Image40.jpg,"['trees', 'bushes', 'grass']"
/Users/carolinejohnson/Desktop/finalProject/data/arborgreens/Image41.jpg,"['trees', 'bushes', 'grass', 'sidewalk']"
/Users/carolinejohnson/Desktop/finalProject/data/arborgreens/Image42.jpg,"['trees', 'bushes', 'grass', 'street', 'cars', 'pole']"
/Users/carolinejohnson/Desktop/finalProject/data/arborgreens/Image43.jpg,"['trees', 'bushes', 'grass']"
/Users/carolinejohnson/Desktop/finalProject/data/arborgreens/Image44.jpg,"['trees', 'bushes', 'grass', 'sidewalk', 'tree trunk']"
/Users/carolinejohnson/Desktop/finalProject/data/arborgreens/Image45.jpg,"['trees', 'bushes', 'greens', 'house', 'sidewalk', 'tree trunk']"
/Users/carolinejohnson/Desktop/finalProject/data/arborgreens/Image46.jpg,"['overcast sky', 'trees', 'grass', 'cars', 'sign']"
/Users/carolinejohnson/Desktop/finalProject/data/arborgreens/Image47.jpg,"['trees', 'bushes', 'grass', 'greens', 'sidewalk', 'tree trunk']"
/Users/carolinejohnson/Desktop/finalProject/data/football/Image01.jpg,"['Husky Alumni Band', 'cheerleaders', 'Hec Ed Pavilion', 'cobblestones', 'windows', '', 'rounded entryway', 'horn instruments']"
/Users/carolinejohnson/Desktop/finalProject/data/football/Image02.jpg,"['Husky Alumni Band', 'cheerleaders', 'Hec Ed Pavilion', 'cobblestones', 'windows', '', '2 rounded entryways', 'drum', 'horn instruments']"
/Users/carolinejohnson/Desktop/finalProject/data/football/Image03.jpg,"['Husky Alumni Band', 'cheerleaders', 'pompoms', 'Hec Ed Pavilion 4 rounded', 'entranceways', 'horn instruments', 'Volkswagon Bug', 'big football helmet', '', 'people', 'cobblestones', 'steps']"
/Users/carolinejohnson/Desktop/finalProject/data/football/Image04.jpg,"['Husky Alumni Band', 'cheerleaders', 'Hec Ed Pavilion', 'cobblestones', 'windows', '', '4 rounded entryways', 'horn instruments', 'pompoms', 'steps', 'people']"
/Users/carolinejohnson/Desktop/finalProject/data/football/Image05.jpg,"['Husky Stadium', 'stands', 'football field', 'purple stripe with the word Huskies', '', 'band', 'people', 'football players', 'cloudy sky', 'track', 'goalpost']"
/Users/carolinejohnson/Desktop/finalProject/data/football/Image06.jpg,"['Husky Stadium', 'stands', 'football field', 'purple stripe with the word Huskies', '', 'band', 'cheerleaders', 'people', 'football players', 'cloudy sky', 'track', 'goalpost']"
/Users/carolinejohnson/Desktop/finalProject/data/football/Image07.jpg,"['Husky Stadium', 'stands', 'football field', 'purple stripe with the word Huskies', '', 'band', 'people', 'football players', 'cloudy sky', 'track', 'goalpost']"
/Users/carolinejohnson/Desktop/finalProject/data/football/Image08.jpg,"['Husky Stadium', 'stands', 'football field', 'purple stripe with the word Huskies', '', 'band', 'people', 'football players', 'partially cloudy sky', 'track', 'goalpost', '', 'scoreboard', 'trees']"
/Users/carolinejohnson/Desktop/finalProject/data/football/Image09.jpg,"['Husky Stadium', 'stands', 'football field', 'purple stripe with the word Huskies', '', 'band', 'people', 'football players', 'partially cloudy sky', 'track', 'goalpost', '', 'trees']"
/Users/carolinejohnson/Desktop/finalProject/data/football/Image10.jpg,"['Husky Stadium', 'stands', 'football field', 'purple stripe with the word Huskies', '', 'band', 'people', 'football players', 'partially cloudy sky', 'track', 'goalpost', '', 'trees']"
/Users/carolinejohnson/Desktop/finalProject/data/football/Image11.jpg,"['Husky Stadium', 'stands', 'football field', 'purple stripe with the word Huskies', '', 'players', 'referee', 'trees', 'clear sky']"
/Users/carolinejohnson/Desktop/finalProject/data/football/Image12.jpg,"['Husky Stadium', 'stands', 'football field', 'purple stripe with the word Huskies', '', 'players', 'trees', 'clear sky', 'partial scoreboard']"
/Users/carolinejohnson/Desktop/finalProject/data/football/Image13.jpg,"['Husky Stadium', 'small stands', 'football field', 'purple stripe with the', 'word Huskies', 'players', 'trees', 'clear sky', 'scoreboard', 'flag']"
/Users/carolinejohnson/Desktop/finalProject/data/football/Image14.jpg,"['Husky Stadium', 'west stands', 'people', 'football field', 'purple stripe with the', 'word Huskies', 'bands', 'players', 'trees', 'goalpost', 'track', 'bannerss', 'railing']"
/Users/carolinejohnson/Desktop/finalProject/data/football/Image15.jpg,"['Husky Stadium', 'north stands', 'people', 'football field', 'numbers', 'small players', 'trees', 'track', 'noticeable white stripes']"
/Users/carolinejohnson/Desktop/finalProject/data/football/Image16.jpg,"['Husky Stadium', 'north and west stands', 'people', 'football field', 'purple stripe', 'with the word Huskies', 'bands', 'small players', 'goalpost', 'track', 'banner']"
/Users/carolinejohnson/Desktop/finalProject/data/football/Image17.jpg,"['Husky Stadium', 'north stands', 'people', 'football field', 'purple stripe', 'with the word Huskies', 'bands', 'small players', 'goalpost', 'track', 'banners']"
/Users/carolinejohnson/Desktop/finalProject/data/football/Image18.jpg,"['Husky Stadium', 'north and west stands', 'people', 'football field', 'purple stripe', 'with the word Huskies', 'bands', 'small players', 'goalpost', 'track', 'banners']"
/Users/carolinejohnson/Desktop/finalProject/data/football/Image19.jpg,"['Husky Stadium', 'north and west stands', 'people', 'football field', 'purple stripe', 'with the word Huskies', 'bands', 'small players', 'goalpost', 'track', 'banners', 'tree']"
/Users/carolinejohnson/Desktop/finalProject/data/football/Image20.jpg,"['Husky Stadium', 'north  stands', 'people', 'football field', 'purple stripe', 'with the word Huskies', 'band on the field', 'goalpost', 'track', 'banners']"
/Users/carolinejohnson/Desktop/finalProject/data/football/Image21.jpg,"['Husky Stadium', 'north  stands', 'people', 'football field', 'purple stripe', 'with the word Huskies', 'band on the field', 'goalpost', 'track', 'banners']"
/Users/carolinejohnson/Desktop/finalProject/data/football/Image22.jpg,"['Husky Stadium', 'north  stands', 'people', 'football field', 'purple stripe', 'with the word Huskies', 'band on the field', 'goalpost', 'track', 'banners']"
/Users/carolinejohnson/Desktop/finalProject/data/football/Image23.jpg,"['Husky Stadium', 'north  stands', 'people', 'football field', 'purple stripe', 'with the word Huskies', 'band on the field', 'goalpost', 'track', 'banners']"
/Users/carolinejohnson/Desktop/finalProject/data/football/Image24.jpg,"['Husky Stadium', 'north  stands', 'people', 'football field', 'purple stripe', 'with the word Huskies', 'band on the field', 'goalpost', 'track', 'banners']"
/Users/carolinejohnson/Desktop/finalProject/data/football/Image25.jpg,"['Husky Stadium', 'north  stands', 'people', 'football field', 'purple stripe', 'with the word Huskies', 'band on the field', 'goalpost', 'track', 'banners']"
/Users/carolinejohnson/Desktop/finalProject/data/football/Image26.jpg,"['Husky Stadium', 'north  stands', 'people', 'football field', 'purple stripe', 'with the word Huskies', 'band on the field', 'track', 'banners', 'flag', 'lake', '', 'trees', 'partially cloudy sky']"
/Users/carolinejohnson/Desktop/finalProject/data/football/Image27.jpg,"['Husky Stadium', 'north  stands', 'people', 'football field', 'purple stripe', 'with the word Huskies', 'band lineup for players', 'goalpost', 'track', 'banners']"
/Users/carolinejohnson/Desktop/finalProject/data/football/Image28.jpg,"['Husky Stadium', 'north  stands', 'people', 'football field', 'purple stripe', 'with the word Huskies', 'goalpost', 'track', 'banners', 'players on the field', '', 'scrimmage']"
/Users/carolinejohnson/Desktop/finalProject/data/football/Image29.jpg,"['Husky Stadium', 'north  stands', 'people', 'football field', 'purple stripe', 'with the word Huskies', 'goalpost', 'track', 'banners', 'players on the field', '', 'in play']"
/Users/carolinejohnson/Desktop/finalProject/data/football/Image30.jpg,"['Husky Stadium', 'north  stands', 'people', 'football field', 'purple stripe', 'with the word Huskies', 'goalpost', 'track', 'banners', 'players on the field', '', 'in play']"
/Users/carolinejohnson/Desktop/finalProject/data/football/Image31.jpg,"['Husky Stadium', 'north  stands', 'people', 'football field', 'purple stripe', 'with the word Huskies', 'band on the field', 'track', 'banners', 'lake', '', 'trees', 'sky']"
/Users/carolinejohnson/Desktop/finalProject/data/football/Image32.jpg,"['Husky Stadium', 'north  stands', 'people', 'football field', 'band on the field', '', 'track', 'banners', 'numbers on the field', 'ladder with band director']"
/Users/carolinejohnson/Desktop/finalProject/data/football/Image33.jpg,"['Husky Stadium', 'north  stands', 'people', 'football field', 'band on the field', '', 'track', 'banners', 'numbers on the field', 'ladder with band director', '', 'horn instruments']"
/Users/carolinejohnson/Desktop/finalProject/data/football/Image34.jpg,"['Husky Stadium', 'west stands', 'people', 'football field', 'purple stripe', 'with the word Huskies', 'track', 'banners', 'buildings', 'trees', 'scoreboard', '', 'goalpost', 'cloudy sky']"
/Users/carolinejohnson/Desktop/finalProject/data/football/Image35.jpg,"['Husky Stadium', 'north stands', 'people', 'football field', 'purple stripe', 'with the word Huskies', 'track', 'banners', 'players on the field', 'band', '', 'horn instruments', 'noticeable white stripes']"
/Users/carolinejohnson/Desktop/finalProject/data/football/Image36.jpg,"['Husky Stadium', 'people', 'football field', 'track', 'players on the field', 'band', '', 'horn instruments', 'drums', 'noticeable white stripes']"
/Users/carolinejohnson/Desktop/finalProject/data/football/Image37.jpg,"['Husky Stadium', 'north stands', 'people', 'football field', 'players on the field', '', 'noticeable white stripes']"
/Users/carolinejohnson/Desktop/finalProject/data/football/Image38.jpg,"['Husky Stadium', 'north stands', 'east stands', 'people', 'football field', '', 'track', 'players on the field', 'goalpost', 'partial scoreboard', 'noticeable', 'white stripes']"
/Users/carolinejohnson/Desktop/finalProject/data/football/Image39.jpg,"['Husky Stadium', 'north stands', 'east stands', 'people', 'cloudy sky', 'trees', '', 'football field', 'track', 'players on the field', 'noticeable white stripes']"
/Users/carolinejohnson/Desktop/finalProject/data/football/Image40.jpg,"['Husky Stadium', 'north stands', 'people', 'football field', 'track', '', 'players on the field', 'noticeable white stripes']"
/Users/carolinejohnson/Desktop/finalProject/data/football/Image41.jpg,"['Husky Stadium', 'north stands', 'people', 'football field', 'track', '', 'players on the field', 'noticeable white stripes', 'scrimmage']"
/Users/carolinejohnson/Desktop/finalProject/data/football/Image42.jpg,"['Husky Stadium', 'north stands', 'east stands', 'people', 'trees', 'football field', '', 'players on the field', 'purple stripe Washington', 'goalpost', '', 'noticeable white stripes']"
/Users/carolinejohnson/Desktop/finalProject/data/football/Image43.jpg,"['Husky Stadium', 'north stands', 'east stands', 'people', 'trees', 'football field', '', 'players on the field', 'purple stripe Washington', 'goalpost', '', 'noticeable white stripes', 'cloudy sky']"
/Users/carolinejohnson/Desktop/finalProject/data/football/Image44.jpg,"['Husky Stadium', 'north stands', 'east stands', 'people', 'trees', 'football field', '', 'players on the field', 'purple stripe Washington', 'noticeable white stripes', '', 'cloudy sky']"
/Users/carolinejohnson/Desktop/finalProject/data/football/Image45.jpg,"['Husky Stadium', 'north stands', 'east stands', 'people', 'trees', 'football field', '', 'players on the field', 'purple stripe Washington', 'noticeable white stripes', '', 'cloudy sky', 'goalpost', 'banner', 'track']"
/Users/carolinejohnson/Desktop/finalProject/data/football/Image46.jpg,"['Husky Stadium', 'north stands', 'east stands', 'people', 'trees', 'football field', '', 'players on the field', 'purple stripe Washington', 'noticeable white stripes', '', 'cloudy sky', 'banner', 'track']"
/Users/carolinejohnson/Desktop/finalProject/data/football/Image47.jpg,"['Husky Stadium', 'north stands', 'people', 'cloudy sky', 'banner', 'track', '', 'cheerleader', 'white stripes', 'bullhorn']"
/Users/carolinejohnson/Desktop/finalProject/data/football/Image48.jpg,"['Husky Stadium', 'north stands', 'east stands', 'people', 'trees', 'football field', '', 'players on the field', 'purple stripe Washington', 'noticeable white stripes', '', 'cloudy sky', 'track', 'banner', '', '']"
/Users/carolinejohnson/Desktop/finalProject/data/indonesia/Image01.jpg,"['cage', 'cock', 'dirt']"
/Users/carolinejohnson/Desktop/finalProject/data/indonesia/Image02.jpg,['monkeys']
/Users/carolinejohnson/Desktop/finalProject/data/indonesia/Image03.jpg,"['forest', 'rocks']"
/Users/carolinejohnson/Desktop/finalProject/data/indonesia/Image04.jpg,"['monkeys', 'people']"
/Users/carolinejohnson/Desktop/finalProject/data/indonesia/Image05.jpg,"['volcano', 'sky', 'clouds']"
/Users/carolinejohnson/Desktop/finalProject/data/indonesia/Image06.jpg,"['volcano', 'sky', 'clouds', 'beach', 'boats']"
/Users/carolinejohnson/Desktop/finalProject/data/indonesia/Image07.jpg,"['temple', 'sky']"
/Users/carolinejohnson/Desktop/finalProject/data/indonesia/Image08.jpg,"['forest', 'sky']"
/Users/carolinejohnson/Desktop/finalProject/data/indonesia/Image09.jpg,"['marble figure', 'tree', 'roof']"
/Users/carolinejohnson/Desktop/finalProject/data/indonesia/Image10.jpg,"['sky', 'ocean', 'sunrise', 'volcano']"
/Users/carolinejohnson/Desktop/finalProject/data/indonesia/Image11.jpg,"['sky', 'ocean', 'sunrise', 'volcano']"
/Users/carolinejohnson/Desktop/finalProject/data/indonesia/Image12.jpg,"['rice paddies', 'people', 'trees']"
/Users/carolinejohnson/Desktop/finalProject/data/indonesia/Image13.jpg,"['rice paddies', 'people', 'trees']"
/Users/carolinejohnson/Desktop/finalProject/data/indonesia/Image14.jpg,"['rice paddies', 'people', 'trees']"
/Users/carolinejohnson/Desktop/finalProject/data/indonesia/Image15.jpg,"['rice paddies', 'trees', 'sky', 'hills']"
/Users/carolinejohnson/Desktop/finalProject/data/indonesia/Image16.jpg,"['temple', 'clouds', 'grass', 'tree']"
/Users/carolinejohnson/Desktop/finalProject/data/indonesia/Image17.jpg,"['volcano', 'sky', 'clouds', 'rocks']"
/Users/carolinejohnson/Desktop/finalProject/data/indonesia/Image18.jpg,"['temple', 'clouds', 'trees']"
/Users/carolinejohnson/Desktop/finalProject/data/indonesia/Image19.jpg,"['people', 'motorbike', 'road', 'trees']"
/Users/carolinejohnson/Desktop/finalProject/data/indonesia/Image20.jpg,"['rice paddies', 'palm tree', 'hills', 'sky']"
/Users/carolinejohnson/Desktop/finalProject/data/indonesia/Image21.jpg,"['sky', 'ocean', 'sunrise', 'volcano']"
/Users/carolinejohnson/Desktop/finalProject/data/indonesia/Image22.jpg,"['beach', 'ocean', 'corals', 'boat', 'trees']"
/Users/carolinejohnson/Desktop/finalProject/data/indonesia/Image23.jpg,"['volcano', 'sky', 'clouds', 'rocks']"
/Users/carolinejohnson/Desktop/finalProject/data/indonesia/Image24.jpg,"['rice paddies', 'people', 'trees']"
/Users/carolinejohnson/Desktop/finalProject/data/indonesia/Image25.jpg,"['volcano', 'clouds', 'rocks']"
/Users/carolinejohnson/Desktop/finalProject/data/indonesia/Image26.jpg,"['rice paddies', 'trees']"
/Users/carolinejohnson/Desktop/finalProject/data/indonesia/Image27.jpg,"['rice paddies', 'trees. people']"
/Users/carolinejohnson/Desktop/finalProject/data/indonesia/Image28.jpg,"['volcano', 'sky', 'clouds', 'rocks']"
/Users/carolinejohnson/Desktop/finalProject/data/indonesia/Image29.jpg,"['bank', 'car']"
/Users/carolinejohnson/Desktop/finalProject/data/indonesia/Image30.jpg,"['temple', 'people', 'car', 'trees']"
/Users/carolinejohnson/Desktop/finalProject/data/indonesia/Image31.jpg,"['forest', 'hills']"
/Users/carolinejohnson/Desktop/finalProject/data/indonesia/Image32.jpg,"['volcano', 'sky', 'clouds']"
/Users/carolinejohnson/Desktop/finalProject/data/indonesia/Image33.jpg,"['temple', 'sky']"
/Users/carolinejohnson/Desktop/finalProject/data/indonesia/Image34.jpg,"['water fountain', 'bush', 'buddha']"
/Users/carolinejohnson/Desktop/finalProject/data/indonesia/Image35.jpg,"['trees', 'chair', 'umbrella']"
/Users/carolinejohnson/Desktop/finalProject/data/indonesia/Image36.jpg,['trees']
/Users/carolinejohnson/Desktop/finalProject/data/cannonbeach/Image01.jpg,"['overcast sky', 'house', 'flowers', 'people', 'struct', 'sidewalk', 'pole']"
/Users/carolinejohnson/Desktop/finalProject/data/cannonbeach/Image02.jpg,"['overcast sky', 'house', 'flowers', 'car', 'struct', 'white lines', 'pole']"
/Users/carolinejohnson/Desktop/finalProject/data/cannonbeach/Image03.jpg,"['overcast sky', 'house', 'flowers', 'car', 'struct', 'pole', 'white lines']"
/Users/carolinejohnson/Desktop/finalProject/data/cannonbeach/Image04.jpg,"['overcast sky', 'house', 'flowers', 'struct', 'pole', 'white lines']"
/Users/carolinejohnson/Desktop/finalProject/data/cannonbeach/Image05.jpg,"['overcast sky', 'house', 'car', 'people', 'struct', 'flowers']"
/Users/carolinejohnson/Desktop/finalProject/data/cannonbeach/Image06.jpg,"['overcast sky', 'house', 'car', 'flowers', 'struct']"
/Users/carolinejohnson/Desktop/finalProject/data/cannonbeach/Image07.jpg,"['overcast sky', 'house', 'car', 'motorcycle', 'people', 'flowers', 'pole']"
/Users/carolinejohnson/Desktop/finalProject/data/cannonbeach/Image08.jpg,"['overcast sky', 'house', 'people', 'pole', 'struct', 'cloudy sky', 'flag', 'white lines']"
/Users/carolinejohnson/Desktop/finalProject/data/cannonbeach/Image09.jpg,"['overcast sky', 'house', 'people', 'pole', 'struct', 'car', 'flowers', 'white lines']"
/Users/carolinejohnson/Desktop/finalProject/data/cannonbeach/Image10.jpg,"['overcast sky', 'house', 'pole', 'car', 'trees', 'bushes', 'people', 'struct']"
/Users/carolinejohnson/Desktop/finalProject/data/cannonbeach/Image11.jpg,"['overcast sky', 'house', 'car', 'struct', 'pole', 'trees', 'bushes', 'fence']"
/Users/carolinejohnson/Desktop/finalProject/data/cannonbeach/Image12.jpg,"['overcast sky', 'house', 'car', 'struct', 'bushes', 'trees', 'people', 'pole']"
/Users/carolinejohnson/Desktop/finalProject/data/cannonbeach/Image13.jpg,"['overcast sky', 'house', 'car', 'struct', 'people', 'trees', 'bushes', 'yellow lines']"
/Users/carolinejohnson/Desktop/finalProject/data/cannonbeach/Image14.jpg,"['overcast sky', 'house', 'car', 'struct', 'people', 'trees', 'bushes', 'flowers', 'pole', 'yellow lines']"
/Users/carolinejohnson/Desktop/finalProject/data/cannonbeach/Image15.jpg,"['cloudy sky', 'trees', 'hills', 'ground beach']"
/Users/carolinejohnson/Desktop/finalProject/data/cannonbeach/Image16.jpg,"['cloudy sky', 'trees', 'hills', 'ground beach']"
/Users/carolinejohnson/Desktop/finalProject/data/cannonbeach/Image17.jpg,"['cloudy sky', 'beach', 'fence', 'boardwalk']"
/Users/carolinejohnson/Desktop/finalProject/data/cannonbeach/Image18.jpg,"['overcast sky', 'house', 'trees', 'bushes', 'car', 'struct', 'fence']"
/Users/carolinejohnson/Desktop/finalProject/data/cannonbeach/Image19.jpg,"['overcast sky', 'house', 'trees', 'flowers', 'car', 'struct', 'pole']"
/Users/carolinejohnson/Desktop/finalProject/data/cannonbeach/Image20.jpg,"['overcast sky', 'house', 'trees', 'car', 'struct', 'bushes']"
/Users/carolinejohnson/Desktop/finalProject/data/cannonbeach/Image21.jpg,"['overcast sky', 'house', 'sidewalk', 'struct', 'car', 'trees', 'flowers']"
/Users/carolinejohnson/Desktop/finalProject/data/cannonbeach/Image22.jpg,"['overcast sky', 'house', 'flowers', 'sidewalk', 'bushes', 'pole']"
/Users/carolinejohnson/Desktop/finalProject/data/cannonbeach/Image23.jpg,"['overcast sky', 'house', 'people', 'sidewalk', 'struct', 'white lines', 'yellow lines', 'flowers']"
/Users/carolinejohnson/Desktop/finalProject/data/cannonbeach/Image24.jpg,"['house', 'pole', 'sign', 'people', 'flowers', 'sidewalk', 'benches']"
/Users/carolinejohnson/Desktop/finalProject/data/cannonbeach/Image25.jpg,"['overcast sky', 'house', 'car', 'flowers', 'stones struct', 'yellow lines']"
/Users/carolinejohnson/Desktop/finalProject/data/cannonbeach/Image26.jpg,"['overcast sky', 'house', 'flowers', 'bushes', 'sidewalk', 'people']"
/Users/carolinejohnson/Desktop/finalProject/data/cannonbeach/Image27.jpg,"['overcast sky', 'house', 'car', 'sidewalk', 'struct', 'bushes', 'flowers', 'people']"
/Users/carolinejohnson/Desktop/finalProject/data/cannonbeach/Image28.jpg,"['overcast sky', 'house', 'flags pole', 'fire hydrant', 'sidewalk', 'struct', 'car', 'people']"
/Users/carolinejohnson/Desktop/finalProject/data/cannonbeach/Image29.jpg,"['cloudy sky', 'trees', 'beach', 'house', 'people']"
/Users/carolinejohnson/Desktop/finalProject/data/cannonbeach/Image30.jpg,"['cloudy sky', 'house', 'trees', 'fence', 'beach', 'people']"
/Users/carolinejohnson/Desktop/finalProject/data/cannonbeach/Image31.jpg,"['cloudy sky', 'bushes', 'people', 'Davell', 'beach', 'rock']"
/Users/carolinejohnson/Desktop/finalProject/data/cannonbeach/Image32.jpg,"['cloudy sky', 'trees', 'bushes', 'house', 'beach']"
/Users/carolinejohnson/Desktop/finalProject/data/cannonbeach/Image33.jpg,"['cloudy sky', 'house', 'trees', 'bushes', 'people', 'beach']"
/Users/carolinejohnson/Desktop/finalProject/data/cannonbeach/Image34.jpg,"['cloudy sky', 'water', 'rocks', 'beach']"
/Users/carolinejohnson/Desktop/finalProject/data/cannonbeach/Image35.jpg,"['overcast sky', 'house', 'bushes', 'trees']"
/Users/carolinejohnson/Desktop/finalProject/data/cannonbeach/Image36.jpg,"['cloudy sky', 'rock', 'water', 'beach', 'people']"
/Users/carolinejohnson/Desktop/finalProject/data/cannonbeach/Image37.jpg,"['cloudy sky', 'trees', 'house', 'bushes', 'rocks', 'beach']"
/Users/carolinejohnson/Desktop/finalProject/data/cannonbeach/Image38.jpg,"['cloudy sky', 'rocks', 'water', 'beach']"
/Users/carolinejohnson/Desktop/finalProject/data/cannonbeach/Image39.jpg,"['cloudy sky', 'rock', 'water', 'beach', 'people']"
/Users/carolinejohnson/Desktop/finalProject/data/cannonbeach/Image40.jpg,"['cloudy sky', 'trees', 'house', 'bushes', 'beach']"
/Users/carolinejohnson/Desktop/finalProject/data/cannonbeach/Image41.jpg,"['cloudy sky', 'trees', 'house', 'bushes', 'beach', 'kites']"
/Users/carolinejohnson/Desktop/finalProject/data/cannonbeach/Image42.jpg,"['cloudy sky', 'house', 'trees', 'bushes', 'beach']"
/Users/carolinejohnson/Desktop/finalProject/data/cannonbeach/Image43.jpg,"['cloudy sky', 'rocks', 'water', 'beach']"
/Users/carolinejohnson/Desktop/finalProject/data/cannonbeach/Image44.jpg,"['cloudy sky', 'house', 'trees', 'bushes', 'fence']"
/Users/carolinejohnson/Desktop/finalProject/data/cannonbeach/Image45.jpg,"['overcast sky', 'trees', 'house', 'pole', 'struct', 'bushes', 'rocks']"
/Users/carolinejohnson/Desktop/finalProject/data/cannonbeach/Image46.jpg,"['cloudy sky', 'house', 'car', 'struct', 'sidewalk', 'trees']"
/Users/carolinejohnson/Desktop/finalProject/data/cannonbeach/Image47.jpg,"['cloudy sky', 'house', 'struct', 'grass']"
/Users/carolinejohnson/Desktop/finalProject/data/cannonbeach/Image48.jpg,"['cloudy sky', 'house', 'trees', 'bushes', 'grass', 'struct', 'pole', 'rocks']"
/Users/carolinejohnson/Desktop/finalProject/data/campusinfall/Image01.jpg,"['partly cloudy sky', 'building', 'tree', 'tree trunk', 'bush', 'people', '', 'grass', 'HUB area']"
/Users/carolinejohnson/Desktop/finalProject/data/campusinfall/Image02.jpg,"['clear sky', 'tree', 'grass', 'people', 'buildings', 'leafless trees', 'HUB area']"
/Users/carolinejohnson/Desktop/finalProject/data/campusinfall/Image03.jpg,"['clear sky', 'building', 'leafless trees', 'bush', 'sidewalk', 'grass', 'HUB', 'area']"
/Users/carolinejohnson/Desktop/finalProject/data/campusinfall/Image04.jpg,"['clear sky', 'building', 'leafless trees', 'bush', 'sidewalk', 'HUB area']"
/Users/carolinejohnson/Desktop/finalProject/data/campusinfall/Image05.jpg,"['clear sky', 'building', 'tree', 'grass', 'sidewalk', 'people', 'post', 'quad']"
/Users/carolinejohnson/Desktop/finalProject/data/campusinfall/Image06.jpg,"['clear sky', 'building', 'tree', 'grass', 'sidewalk', 'people']"
/Users/carolinejohnson/Desktop/finalProject/data/campusinfall/Image07.jpg,"['clear sky', 'building', 'tree', 'bush', 'grass', 'sidewalk', 'people', 'post', '', 'quad']"
/Users/carolinejohnson/Desktop/finalProject/data/campusinfall/Image08.jpg,"['clear sky', 'building tree', 'leafless tree', 'grass', 'sidewalk', 'people', '', 'quad']"
/Users/carolinejohnson/Desktop/finalProject/data/campusinfall/Image09.jpg,"['clear sky', 'building', 'tree', 'leafless tree', 'grass', 'sidewalk', 'people', '', 'quad']"
/Users/carolinejohnson/Desktop/finalProject/data/campusinfall/Image10.jpg,"['clear sky', 'building', 'tree', 'leafless tree', 'grass', 'sidewalk', 'people', '', 'quad']"
/Users/carolinejohnson/Desktop/finalProject/data/campusinfall/Image11.jpg,"['clear sky', 'building', 'ground', 'people', 'Red Square']"
/Users/carolinejohnson/Desktop/finalProject/data/campusinfall/Image12.jpg,"['clear sky', 'building', 'ground', 'statue', 'people', 'bush', 'grass truck']"
/Users/carolinejohnson/Desktop/finalProject/data/campusinfall/Image13.jpg,"['clear sky', 'building', 'ground', 'tree', 'people', 'Red Square']"
/Users/carolinejohnson/Desktop/finalProject/data/campusinfall/Image14.jpg,"['clear sky', 'building', 'ground', 'people', 'Red Square']"
/Users/carolinejohnson/Desktop/finalProject/data/campusinfall/Image15.jpg,"['clear sky', 'building', 'ground', 'people', 'Red Square']"
/Users/carolinejohnson/Desktop/finalProject/data/campusinfall/Image16.jpg,"['clear sky', 'building', 'ground', 'people', 'Red Square']"
/Users/carolinejohnson/Desktop/finalProject/data/campusinfall/Image17.jpg,"['clear sky', 'building', 'ground', 'people', 'tree', 'Red Square']"
/Users/carolinejohnson/Desktop/finalProject/data/campusinfall/Image18.jpg,"['partly cloudy sky', 'tree', 'leafless tree', 'building', 'sidewalk', '', 'people', 'grass']"
/Users/carolinejohnson/Desktop/finalProject/data/campusinfall/Image19.jpg,"['clear sky', 'building', 'tree', 'leafless tree', 'bush', 'sidewalk', 'grass', '', 'tree trunk']"
/Users/carolinejohnson/Desktop/finalProject/data/campusinfall/Image20.jpg,"['clear sky', 'tree', 'building', 'water', 'ducks', 'Duck Pond']"
/Users/carolinejohnson/Desktop/finalProject/data/campusinfall/Image21.jpg,"['clear sky', 'tree', 'building', 'water', 'ducks', 'fence', 'Duck Pond']"
/Users/carolinejohnson/Desktop/finalProject/data/campusinfall/Image22.jpg,"['partly cloudy', 'sky', 'tree', 'leafless tree', 'grass', 'plants']"
/Users/carolinejohnson/Desktop/finalProject/data/campusinfall/Image23.jpg,"['partly cloudy sky', 'tree', 'tree trunk', 'bush']"
/Users/carolinejohnson/Desktop/finalProject/data/campusinfall/Image24.jpg,"['partly cloudy sky', 'tree', 'tree trunk', 'bush']"
/Users/carolinejohnson/Desktop/finalProject/data/campusinfall/Image25.jpg,"['clear sky', 'building', 'tree', 'leafless tree', 'tree trunk', 'grass', '', 'street', 'red tree', 'Engineering']"
/Users/carolinejohnson/Desktop/finalProject/data/campusinfall/Image26.jpg,"['clear sky', 'building', 'tree trunk', 'tree', 'grass', 'Engineering']"
/Users/carolinejohnson/Desktop/finalProject/data/campusinfall/Image27.jpg,"['clear sky', 'tree', 'bush', 'red tree', 'street', 'building', 'car', 'people', '', 'Engineering']"
/Users/carolinejohnson/Desktop/finalProject/data/campusinfall/Image28.jpg,"['clear sky', 'red tree', 'tree', 'building', 'street', 'Engineering']"
/Users/carolinejohnson/Desktop/finalProject/data/campusinfall/Image29.jpg,"['clear sky', 'building', 'leafless tree', 'red tree', 'tree', 'bush', 'grass', 'sidewalk', 'Engineering']"
/Users/carolinejohnson/Desktop/finalProject/data/campusinfall/Image30.jpg,"['clear sky', 'building', 'red tree', 'bush', 'post', 'Engineering']"
/Users/carolinejohnson/Desktop/finalProject/data/campusinfall/Image31.jpg,"['clear sky', 'building', 'leafless tree', 'tree', 'bush', 'sidewalk', '', 'Engineering']"
/Users/carolinejohnson/Desktop/finalProject/data/campusinfall/Image32.jpg,"['clear sky', 'building', 'leafless tree', 'street', 'sidewalk', 'HUB']"
/Users/carolinejohnson/Desktop/finalProject/data/campusinfall/Image33.jpg,"['clear sky', 'building', 'people', 'atruim', 'HUB']"
/Users/carolinejohnson/Desktop/finalProject/data/campusinfall/Image34.jpg,"['tree', 'tree trunk street', 'building', 'people']"
/Users/carolinejohnson/Desktop/finalProject/data/campusinfall/Image35.jpg,"['partly cloudy sky', 'tree trunk', 'leafless tree', 'building']"
/Users/carolinejohnson/Desktop/finalProject/data/campusinfall/Image36.jpg,"['partly cloudy sky', 'tree', 'sidewalk', 'people', 'street']"
/Users/carolinejohnson/Desktop/finalProject/data/campusinfall/Image37.jpg,"['clear sky', 'building', 'grass']"
/Users/carolinejohnson/Desktop/finalProject/data/campusinfall/Image38.jpg,"['clear sky', 'building red tree', 'leafless tree', 'grass', 'people', '', 'sidewalk']"
/Users/carolinejohnson/Desktop/finalProject/data/campusinfall/Image39.jpg,"['clear sky', 'bush', 'tree leafless tree', 'bush']"
/Users/carolinejohnson/Desktop/finalProject/data/campusinfall/Image40.jpg,"['clear sky', 'building', 'tree', 'bush', 'Sieg']"
/Users/carolinejohnson/Desktop/finalProject/data/campusinfall/Image41.jpg,"['clear sky', 'building', 'tree', 'bush', 'Sieg']"
/Users/carolinejohnson/Desktop/finalProject/data/campusinfall/Image42.jpg,"['clear sky', 'building', 'tree', 'bush', 'Sieg']"
/Users/carolinejohnson/Desktop/finalProject/data/campusinfall/Image43.jpg,"['clear sky', 'tree', 'wall', 'street']"
/Users/carolinejohnson/Desktop/finalProject/data/campusinfall/Image44.jpg,"['building', 'bicycles', 'Sieg']"
/Users/carolinejohnson/Desktop/finalProject/data/campusinfall/Image45.jpg,"['clear sky', 'building', 'tree', 'bush', 'Sieg']"
/Users/carolinejohnson/Desktop/finalProject/data/campusinfall/Image46.jpg,"['clear sky', 'tree', 'red tree', 'people', 'wall']"
/Users/carolinejohnson/Desktop/finalProject/data/campusinfall/Image47.jpg,"['clear sky', 'tree', 'building']"
/Users/carolinejohnson/Desktop/finalProject/data/campusinfall/Image48.jpg,"['clear sky', 'tree', 'building', '']"
/Users/carolinejohnson/Desktop/finalProject/data/greenlake/Image01.jpg,"['clear sky', 'trees', 'bushes', 'water', 'grass']"
/Users/carolinejohnson/Desktop/finalProject/data/greenlake/Image02.jpg,"['clear sky', 'trees', 'bushes', 'water', 'grass', 'people']"
/Users/carolinejohnson/Desktop/finalProject/data/greenlake/Image03.jpg,"['clear sky', 'trees', 'bushes', 'grass', 'water', 'people', 'ducks', 'trail']"
/Users/carolinejohnson/Desktop/finalProject/data/greenlake/Image04.jpg,"['clear sky', 'trees', 'grass', 'bushes', 'people', 'trail']"
/Users/carolinejohnson/Desktop/finalProject/data/greenlake/Image05.jpg,"['clear sky', 'trees', 'grass', 'trail', 'people']"
/Users/carolinejohnson/Desktop/finalProject/data/greenlake/Image06.jpg,"['clear sky', 'trees', 'water', 'ducks']"
/Users/carolinejohnson/Desktop/finalProject/data/greenlake/Image07.jpg,"['clear sky', 'trees', 'grass', 'trail', 'people']"
/Users/carolinejohnson/Desktop/finalProject/data/greenlake/Image08.jpg,"['clear sky', 'trees', 'water', 'ducks']"
/Users/carolinejohnson/Desktop/finalProject/data/greenlake/Image09.jpg,"['water', 'ducks', 'grass', 'bushes', 'log']"
/Users/carolinejohnson/Desktop/finalProject/data/greenlake/Image10.jpg,"['celar sky', 'trees', 'grass', 'ground', 'trail']"
/Users/carolinejohnson/Desktop/finalProject/data/greenlake/Image11.jpg,"['clear sky', 'trail', 'trees', 'building', 'flowers', 'people', 'grass']"
/Users/carolinejohnson/Desktop/finalProject/data/greenlake/Image12.jpg,"['clear sky', 'trail', 'trees', 'building', 'people', 'grass']"
/Users/carolinejohnson/Desktop/finalProject/data/greenlake/Image13.jpg,"['clear sky', 'building', 'people', 'trail']"
/Users/carolinejohnson/Desktop/finalProject/data/greenlake/Image14.jpg,"['clear sky', 'trees', 'water', 'grass', 'ground', 'dock']"
/Users/carolinejohnson/Desktop/finalProject/data/greenlake/Image15.jpg,"['clear sky trees', 'grass', 'trail', 'dock', 'water']"
/Users/carolinejohnson/Desktop/finalProject/data/greenlake/Image16.jpg,"['clear sky', 'trees', 'grass', 'water', 'dock']"
/Users/carolinejohnson/Desktop/finalProject/data/greenlake/Image17.jpg,"['clear sky', 'trees', 'ground', 'trail', 'people']"
/Users/carolinejohnson/Desktop/finalProject/data/greenlake/Image18.jpg,"['trees', 'ground', 'trail', 'people', 'dog']"
/Users/carolinejohnson/Desktop/finalProject/data/greenlake/Image19.jpg,"['trees', 'ground', 'trail', 'people']"
/Users/carolinejohnson/Desktop/finalProject/data/greenlake/Image20.jpg,"['clear sky', 'trees', 'grass', 'ground', 'water']"
/Users/carolinejohnson/Desktop/finalProject/data/greenlake/Image21.jpg,"['clear sky', 'trees', 'water', 'grass', 'dock']"
/Users/carolinejohnson/Desktop/finalProject/data/greenlake/Image22.jpg,"['clear sky', 'trees', 'water', 'greens']"
/Users/carolinejohnson/Desktop/finalProject/data/greenlake/Image23.jpg,"['clear sky', 'trees', 'water', 'greens']"
/Users/carolinejohnson/Desktop/finalProject/data/greenlake/Image24.jpg,"['trees', 'ground', 'grass', 'trail', 'people', 'dog', 'sierra']"
/Users/carolinejohnson/Desktop/finalProject/data/greenlake/Image25.jpg,"['clear sky', 'trees', 'water', 'lilly pods']"
/Users/carolinejohnson/Desktop/finalProject/data/greenlake/Image26.jpg,"['clear sky', 'trees', 'water', 'trail', 'people', 'building']"
/Users/carolinejohnson/Desktop/finalProject/data/greenlake/Image27.jpg,"['clear sky', 'trees', 'grass', 'trail', 'people', 'dog']"
/Users/carolinejohnson/Desktop/finalProject/data/greenlake/Image28.jpg,"['clear sky trees', 'water']"
/Users/carolinejohnson/Desktop/finalProject/data/greenlake/Image29.jpg,"['clear sky trees', 'houses', 'grass', 'people', 'bushes']"
/Users/carolinejohnson/Desktop/finalProject/data/greenlake/Image30.jpg,"['clear sky', 'trees', 'houses', 'grass', 'bushes', 'truck']"
/Users/carolinejohnson/Desktop/finalProject/data/greenlake/Image31.jpg,"['clear sky', 'trees', 'houses', 'grass', 'car']"
/Users/carolinejohnson/Desktop/finalProject/data/greenlake/Image32.jpg,"['clear sky', 'trees', 'houses', 'grass', 'car']"
/Users/carolinejohnson/Desktop/finalProject/data/greenlake/Image33.jpg,"['clear sky', 'trees', 'houses', 'grass', 'car']"
/Users/carolinejohnson/Desktop/finalProject/data/greenlake/Image34.jpg,"['clear sky', 'trees', 'houses', 'cars', 'grass', 'trees', 'garbage cans']"
/Users/carolinejohnson/Desktop/finalProject/data/greenlake/Image35.jpg,"['clear sky', 'trees', 'grass', 'trail', 'people', 'dogs']"
/Users/carolinejohnson/Desktop/finalProject/data/greenlake/Image36.jpg,"['clear sky', 'trees', 'water', 'ducks']"
/Users/carolinejohnson/Desktop/finalProject/data/greenlake/Image37.jpg,"['clear sky', 'trees', 'water']"
/Users/carolinejohnson/Desktop/finalProject/data/greenlake/Image38.jpg,"['clear sky', 'trees', 'water', 'ground', 'bushes']"
/Users/carolinejohnson/Desktop/finalProject/data/greenlake/Image39.jpg,"['clear sky', 'trees', 'ground', 'grass', 'water', 'ladders']"
/Users/carolinejohnson/Desktop/finalProject/data/greenlake/Image40.jpg,"['clear sky', 'trees', 'water', 'boats']"
/Users/carolinejohnson/Desktop/finalProject/data/greenlake/Image41.jpg,"['clear sky', 'trees', 'water', 'people', 'boats']"
/Users/carolinejohnson/Desktop/finalProject/data/greenlake/Image42.jpg,"['clear sky', 'trees', 'grass', 'trail', 'people']"
/Users/carolinejohnson/Desktop/finalProject/data/greenlake/Image43.jpg,"['clear sky', 'trees', 'grass', 'ground', 'house']"
/Users/carolinejohnson/Desktop/finalProject/data/greenlake/Image44.jpg,"['clear sky', 'trees', 'grass', 'trail', 'people', 'dogs', 'trash cans']"
/Users/carolinejohnson/Desktop/finalProject/data/greenlake/Image45.jpg,"['trees', 'grass', 'people', 'ducks']"
/Users/carolinejohnson/Desktop/finalProject/data/greenlake/Image46.jpg,"['cleark sky', 'building', 'sidewalk', 'grass', 'people', 'cars']"
/Users/carolinejohnson/Desktop/finalProject/data/greenlake/Image47.jpg,"['clear sky', 'building', 'cars', 'street', 'people']"
/Users/carolinejohnson/Desktop/finalProject/data/greenlake/Image48.jpg,"['clear sky', 'building', 'cars', 'street', 'people', '']"
/Users/carolinejohnson/Desktop/finalProject/data/australia/Image01.jpg,"['trees', 'beach', 'ocean', 'sky', 'cliffs']"
/Users/carolinejohnson/Desktop/finalProject/data/australia/Image02.jpg,"['koala', 'eucalypt', 'tree']"
/Users/carolinejohnson/Desktop/finalProject/data/australia/Image03.jpg,"['beach', 'ocean', 'sky', 'cliffs']"
/Users/carolinejohnson/Desktop/finalProject/data/australia/Image04.jpg,"['water', 'corals', 'sky', 'clouds']"
/Users/carolinejohnson/Desktop/finalProject/data/australia/Image05.jpg,"['trees', 'grass', 'eucalypt']"
/Users/carolinejohnson/Desktop/finalProject/data/australia/Image06.jpg,"['tree', 'grass', 'sky']"
/Users/carolinejohnson/Desktop/finalProject/data/australia/Image07.jpg,"['water', 'corals', 'sky', 'clouds']"
/Users/carolinejohnson/Desktop/finalProject/data/australia/Image08.jpg,"['tree', 'grass', 'clouds', 'sky']"
/Users/carolinejohnson/Desktop/finalProject/data/australia/Image09.jpg,"['beach', 'ocean', 'sky', 'cliffs']"
/Users/carolinejohnson/Desktop/finalProject/data/australia/Image10.jpg,"['trees', 'bush', 'kangaroo', 'grass']"
/Users/carolinejohnson/Desktop/finalProject/data/australia/Image11.jpg,"['bush', 'kangaroo', 'grass']"
/Users/carolinejohnson/Desktop/finalProject/data/australia/Image12.jpg,"['sky', 'clouds', 'palm trees']"
/Users/carolinejohnson/Desktop/finalProject/data/australia/Image13.jpg,"['bush', 'rocks']"
/Users/carolinejohnson/Desktop/finalProject/data/australia/Image14.jpg,"['sky', 'trees', 'flying fox']"
/Users/carolinejohnson/Desktop/finalProject/data/australia/Image15.jpg,"['sky', 'trees', 'flying fox']"
/Users/carolinejohnson/Desktop/finalProject/data/australia/Image16.jpg,"['grass', 'tree', 'kangaroo']"
/Users/carolinejohnson/Desktop/finalProject/data/australia/Image17.jpg,"['fern', 'trees']"
/Users/carolinejohnson/Desktop/finalProject/data/australia/Image18.jpg,"['beach', 'sky', 'ocean', 'trees']"
/Users/carolinejohnson/Desktop/finalProject/data/australia/Image19.jpg,"['bushes', 'rocks', 'ocean', 'sky']"
/Users/carolinejohnson/Desktop/finalProject/data/australia/Image20.jpg,"['clouds', 'fields', 'trees', 'mountain']"
/Users/carolinejohnson/Desktop/finalProject/data/australia/Image21.jpg,"['trees', 'river']"
/Users/carolinejohnson/Desktop/finalProject/data/australia/Image22.jpg,"['trees', 'rocks', 'sky']"
/Users/carolinejohnson/Desktop/finalProject/data/australia/Image23.jpg,"['tree', 'fields', 'sky']"
/Users/carolinejohnson/Desktop/finalProject/data/australia/Image24.jpg,"['beach', 'trees', 'sky', 'ocean']"
/Users/carolinejohnson/Desktop/finalProject/data/australia/Image25.jpg,"['building', 'opera house', 'concrete']"
/Users/carolinejohnson/Desktop/finalProject/data/australia/Image26.jpg,"['clouds', 'sky', 'building', 'people']"
/Users/carolinejohnson/Desktop/finalProject/data/australia/Image27.jpg,"['kangaroo', 'grass', 'trees', 'people']"
/Users/carolinejohnson/Desktop/finalProject/data/australia/Image28.jpg,"['clouds', 'sky', 'trees', 'hill', 'concrete']"
/Users/carolinejohnson/Desktop/finalProject/data/australia/Image29.jpg,"['tree', 'koala']"
/Users/carolinejohnson/Desktop/finalProject/data/australia/Image30.jpg,"['tree', 'koala', '']"
/Users/carolinejohnson/Desktop/finalProject/data/geneva/Image01.jpg,"['Water', 'Buildings', 'Boats', 'Sailboats', 'Green Trees', 'Sky']"
/Users/carolinejohnson/Desktop/finalProject/data/geneva/Image02.jpg,"['Buildings', 'Leafless Trees', 'Clear Sky']"
/Users/carolinejohnson/Desktop/finalProject/data/geneva/Image03.jpg,"['Water', 'Buildings', 'Boats', 'Leafless Trees', 'Sky', 'Snow', 'Mountains']"
/Users/carolinejohnson/Desktop/finalProject/data/geneva/Image04.jpg,"['Houses', 'Green Trees', 'Sky', 'Snow', 'Mountains']"
/Users/carolinejohnson/Desktop/finalProject/data/geneva/Image05.jpg,"['Buildings', 'Colorful Trees', 'Sky', 'Wall', 'Grass']"
/Users/carolinejohnson/Desktop/finalProject/data/geneva/Image06.jpg,"['Fences', 'Walkways', 'Streets', 'Flower Trees', 'Grass', 'Clear Sky']"
/Users/carolinejohnson/Desktop/finalProject/data/geneva/Image07.jpg,"['Water', 'Buildings', 'Lights']"
/Users/carolinejohnson/Desktop/finalProject/data/geneva/Image09.jpg,"['Water', 'Buildings', 'Boats', 'Trees', 'Sky']"
/Users/carolinejohnson/Desktop/finalProject/data/geneva/Image10.jpg,"['Water', 'Buildings', 'Boats', 'Sailboats', 'Flowers', 'Mountains', 'Sky', 'Water Sprays']"
/Users/carolinejohnson/Desktop/finalProject/data/geneva/Image11.jpg,"['Water', 'Buildings', 'Boats', 'Sailboats', 'Mountains', 'Sky', 'Water Sprays']"
/Users/carolinejohnson/Desktop/finalProject/data/geneva/Image12.jpg,"['Water', 'Buildings', 'Boats', 'Mountains', 'Sky', 'Flag']"
/Users/carolinejohnson/Desktop/finalProject/data/geneva/Image13.jpg,"['Water', 'Buildings', 'Flowers', 'Trees', 'Sky']"
/Users/carolinejohnson/Desktop/finalProject/data/geneva/Image15.jpg,"['Water', 'Mountains', 'Sky', 'Water Sprays']"
/Users/carolinejohnson/Desktop/finalProject/data/geneva/Image16.jpg,"['Boats', 'Sailboats', 'Sky', 'Sunrise/Sunset']"
/Users/carolinejohnson/Desktop/finalProject/data/geneva/Image17.jpg,"['Buildings', 'Green Trees', 'Flowers', 'Clear Sky']"
/Users/carolinejohnson/Desktop/finalProject/data/geneva/Image18.jpg,"['Buildings', 'Houses', 'Clear Sky']"
/Users/carolinejohnson/Desktop/finalProject/data/geneva/Image19.jpg,"['Sky', 'Water Sprays', 'Sunrise/Sunset']"
/Users/carolinejohnson/Desktop/finalProject/data/geneva/Image20.jpg,"['Sailboats', 'Ice', 'Water', 'Buildings']"
/Users/carolinejohnson/Desktop/finalProject/data/geneva/Image21.jpg,"['Water', 'Buildings', 'Sailboats', 'Sky']"
/Users/carolinejohnson/Desktop/finalProject/data/geneva/Image22.jpg,"['Sailboats', 'Ice', 'Buildings']"
/Users/carolinejohnson/Desktop/finalProject/data/geneva/Image23.jpg,"['Water', 'Buildings', 'Sky', 'Mountains', 'Fences', 'Walkways']"
/Users/carolinejohnson/Desktop/finalProject/data/geneva/Image24.jpg,"['Buildings', 'Buildings', 'Leafless Trees', 'Clear Sky']"
/Users/carolinejohnson/Desktop/finalProject/data/geneva/Image25.jpg,"['Water', 'Buildings', 'Boats', 'Mountains', 'Sky']"
/Users/carolinejohnson/Desktop/finalProject/data/geneva/Image26.jpg,"['Water', 'Buildings', 'Boats', 'Walkways', 'Mountains', 'Sky']"
/Users/carolinejohnson/Desktop/finalProject/data/geneva/Image27.jpg,"['Buildings', 'Leafless Trees', 'Clear Sky']"
/Users/carolinejohnson/Desktop/finalProject/data/japan/Image01.jpg,"['temple', 'sky', 'cloud']"
/Users/carolinejohnson/Desktop/finalProject/data/japan/Image02.jpg,"['zen garden', 'trees', 'people']"
/Users/carolinejohnson/Desktop/finalProject/data/japan/Image03.jpg,"['temple', 'trees', 'sky']"
/Users/carolinejohnson/Desktop/finalProject/data/japan/Image04.jpg,"['statue', 'buddha', 'people', 'sky', 'clouds']"
/Users/carolinejohnson/Desktop/finalProject/data/japan/Image05.jpg,"['leaves', 'buddha', 'figure']"
/Users/carolinejohnson/Desktop/finalProject/data/japan/Image06.jpg,['tea house']
/Users/carolinejohnson/Desktop/finalProject/data/japan/Image07.jpg,"['gate', 'trees', 'people']"
/Users/carolinejohnson/Desktop/finalProject/data/japan/Image08.jpg,"['trees', 'water', 'rocks']"
/Users/carolinejohnson/Desktop/finalProject/data/japan/Image09.jpg,"['temple', 'roof', 'sky']"
/Users/carolinejohnson/Desktop/finalProject/data/japan/Image10.jpg,"['temple. people', 'rain']"
/Users/carolinejohnson/Desktop/finalProject/data/japan/Image11.jpg,"['statue', 'buddha', 'bushes']"
/Users/carolinejohnson/Desktop/finalProject/data/japan/Image12.jpg,"['statues', 'temple']"
/Users/carolinejohnson/Desktop/finalProject/data/japan/Image13.jpg,"['temple', 'stairs', 'trees', 'people']"
/Users/carolinejohnson/Desktop/finalProject/data/japan/Image14.jpg,"['painting', 'person']"
/Users/carolinejohnson/Desktop/finalProject/data/japan/Image15.jpg,"['temple', 'trees', 'clouds', 'sky']"
/Users/carolinejohnson/Desktop/finalProject/data/japan/Image16.jpg,"['temple', 'stairs', 'trees', 'sky']"
/Users/carolinejohnson/Desktop/finalProject/data/japan/Image17.jpg,"['roof', 'figures']"
/Users/carolinejohnson/Desktop/finalProject/data/japan/Image18.jpg,"['painting', 'horse', 'people']"
/Users/carolinejohnson/Desktop/finalProject/data/japan/Image19.jpg,['bamboo']
/Users/carolinejohnson/Desktop/finalProject/data/japan/Image20.jpg,"['temple', 'trees']"
/Users/carolinejohnson/Desktop/finalProject/data/japan/Image21.jpg,"['temple', 'roof', 'painting']"
/Users/carolinejohnson/Desktop/finalProject/data/japan/Image22.jpg,['boxes']
/Users/carolinejohnson/Desktop/finalProject/data/japan/Image23.jpg,"['bridge', 'water', 'trees', 'palace']"
/Users/carolinejohnson/Desktop/finalProject/data/japan/Image24.jpg,"['trees', 'clouds']"
/Users/carolinejohnson/Desktop/finalProject/data/japan/Image25.jpg,"['temple', 'roof', 'clouds']"
/Users/carolinejohnson/Desktop/finalProject/data/japan/Image26.jpg,"['temple', 'geisha']"
/Users/carolinejohnson/Desktop/finalProject/data/japan/Image27.jpg,"['hills', 'sunset', 'clouds', 'sky', 'houses']"
/Users/carolinejohnson/Desktop/finalProject/data/japan/Image28.jpg,"['tree', 'bath house', 'clouds']"
/Users/carolinejohnson/Desktop/finalProject/data/japan/Image29.jpg,"['house', 'lake', 'tree']"
/Users/carolinejohnson/Desktop/finalProject/data/japan/Image30.jpg,"['tea house', 'water', 'trees']"
/Users/carolinejohnson/Desktop/finalProject/data/japan/Image31.jpg,['trees']
/Users/carolinejohnson/Desktop/finalProject/data/japan/Image32.jpg,"['swan boat', 'lake', 'trees']"
/Users/carolinejohnson/Desktop/finalProject/data/japan/Image33.jpg,"['temple', 'rain']"
/Users/carolinejohnson/Desktop/finalProject/data/japan/Image34.jpg,"['temple', 'people', 'rain', 'umbrella']"
/Users/carolinejohnson/Desktop/finalProject/data/japan/Image35.jpg,"['temple', 'stone figures', 'trees']"
/Users/carolinejohnson/Desktop/finalProject/data/japan/Image36.jpg,"['temple', 'stone figures', 'trees']"
/Users/carolinejohnson/Desktop/finalProject/data/japan/Image37.jpg,"['temple', 'wood figure']"
/Users/carolinejohnson/Desktop/finalProject/data/japan/Image38.jpg,"['temple', 'bell']"
/Users/carolinejohnson/Desktop/finalProject/data/japan/Image39.jpg,"['temple', 'roof', 'trees']"
/Users/carolinejohnson/Desktop/finalProject/data/japan/Image40.jpg,"['wood figures', 'roof']"
/Users/carolinejohnson/Desktop/finalProject/data/japan/Image41.jpg,"['temple', 'people', 'trees']"
/Users/carolinejohnson/Desktop/finalProject/data/japan/Image42.jpg,['tea house']
/Users/carolinejohnson/Desktop/finalProject/data/japan/Image43.jpg,"['clouds', 'trees', 'palaca']"
/Users/carolinejohnson/Desktop/finalProject/data/japan/Image44.jpg,"['water', 'bamboo']"
/Users/carolinejohnson/Desktop/finalProject/data/japan/Image45.jpg,"['gold', 'palace', 'water', 'sky', 'clouds', 'trees']"
/Users/carolinejohnson/Desktop/finalProject/data/springflowers/Image01.jpg,"['flowers', 'building', 'bushes', 'trees']"
/Users/carolinejohnson/Desktop/finalProject/data/springflowers/Image02.jpg,"['flowers', 'bushes', 'leafless trees', 'ground', 'sidewalk', 'overcast sky']"
/Users/carolinejohnson/Desktop/finalProject/data/springflowers/Image03.jpg,"['flowers', 'bushes', 'trees', 'grass', 'ducks', 'overcast sky']"
/Users/carolinejohnson/Desktop/finalProject/data/springflowers/Image04.jpg,"['flowers', 'trees', 'bushes', 'building', 'sidewalk', 'pole(s)', 'grass', 'bench']"
/Users/carolinejohnson/Desktop/finalProject/data/springflowers/Image05.jpg,"['flowers', 'bushes', 'trees', 'ground', 'buuilding']"
/Users/carolinejohnson/Desktop/finalProject/data/springflowers/Image06.jpg,"['flowers', 'bushes', 'trees', 'ground', 'building', 'sidewalk']"
/Users/carolinejohnson/Desktop/finalProject/data/springflowers/Image07.jpg,"['flowers', 'trees', 'bushes', 'sidewalk', 'grass', 'pole(s)', 'bench']"
/Users/carolinejohnson/Desktop/finalProject/data/springflowers/Image08.jpg,"['flowers', 'trees', 'bushes', 'sidewalk', 'pole(s)', 'building']"
/Users/carolinejohnson/Desktop/finalProject/data/springflowers/Image09.jpg,"['flowers', 'trees', 'leafless trees', 'grass', 'ground', 'sidewalk', '', 'over cast sky']"
/Users/carolinejohnson/Desktop/finalProject/data/springflowers/Image10.jpg,"['flowers', 'trees', 'leafless trees', 'bushes', 'sidewalk', 'building']"
/Users/carolinejohnson/Desktop/finalProject/data/springflowers/Image11.jpg,"['flowers', 'trees', 'bushes', 'building', 'greens', 'sidewalk']"
/Users/carolinejohnson/Desktop/finalProject/data/springflowers/Image12.jpg,"['flowers', 'trees', 'bushes', 'greens', 'building']"
/Users/carolinejohnson/Desktop/finalProject/data/springflowers/Image13.jpg,"['flowers', 'trees', 'bushes', 'building', 'clear sky']"
/Users/carolinejohnson/Desktop/finalProject/data/springflowers/Image14.jpg,"['flowers', 'trees', 'bushes', 'building']"
/Users/carolinejohnson/Desktop/finalProject/data/springflowers/Image15.jpg,"['flowers', 'bushes']"
/Users/carolinejohnson/Desktop/finalProject/data/springflowers/Image16.jpg,"['flowers', 'bushes', 'sidewalk', 'clear sky']"
/Users/carolinejohnson/Desktop/finalProject/data/springflowers/Image17.jpg,"['trees', 'bushes', 'overcast sky', 'building', 'post']"
/Users/carolinejohnson/Desktop/finalProject/data/springflowers/Image18.jpg,"['flowers', 'trees', 'bushes']"
/Users/carolinejohnson/Desktop/finalProject/data/springflowers/Image19.jpg,"['flowers', 'trees', 'bushes']"
/Users/carolinejohnson/Desktop/finalProject/data/springflowers/Image20.jpg,"['flowers', 'trees', 'bushes']"
/Users/carolinejohnson/Desktop/finalProject/data/springflowers/Image21.jpg,"['flowers', 'trees', 'bushes', 'building', 'grass', 'ground']"
/Users/carolinejohnson/Desktop/finalProject/data/springflowers/Image22.jpg,"['building', 'trees', 'bushes', 'grass', 'sidewalk', 'clear sky', 'pole']"
/Users/carolinejohnson/Desktop/finalProject/data/springflowers/Image23.jpg,"['fountain', 'building', 'partially clear sky', 'water', 'trees', 'bushes']"
/Users/carolinejohnson/Desktop/finalProject/data/springflowers/Image24.jpg,"['fountain', 'building', 'partially clear sky', 'water', 'trees', 'bushes']"
/Users/carolinejohnson/Desktop/finalProject/data/springflowers/Image25.jpg,"['building', 'flowers', 'bushes', 'trees', 'ground']"
/Users/carolinejohnson/Desktop/finalProject/data/springflowers/Image26.jpg,"['flowers', 'bushes', 'trees', 'building ground']"
/Users/carolinejohnson/Desktop/finalProject/data/springflowers/Image27.jpg,"['flowers', 'building', 'trees', 'bushes', 'sign']"
/Users/carolinejohnson/Desktop/finalProject/data/springflowers/Image28.jpg,"['flowers', 'bushes', 'trees', 'sidewalk']"
/Users/carolinejohnson/Desktop/finalProject/data/springflowers/Image29.jpg,"['flowers', 'bushes', 'trees', 'ground']"
/Users/carolinejohnson/Desktop/finalProject/data/springflowers/Image30.jpg,"['flowers', 'bushes', 'trees', 'building', 'ground']"
/Users/carolinejohnson/Desktop/finalProject/data/springflowers/Image31.jpg,"['flowers', 'bushes', 'building', 'ground']"
/Users/carolinejohnson/Desktop/finalProject/data/springflowers/Image32.jpg,"['flowers', 'bushes', 'building', 'ground', 'bench', 'grass']"
/Users/carolinejohnson/Desktop/finalProject/data/springflowers/Image33.jpg,"['flowers', 'bushes', 'trees', 'building', 'grass', 'sidewalk', 'ground']"
/Users/carolinejohnson/Desktop/finalProject/data/springflowers/Image34.jpg,"['flowers', 'bushes', 'trees', 'pole', 'building']"
/Users/carolinejohnson/Desktop/finalProject/data/springflowers/Image35.jpg,"['flowers', 'bushes', 'trees', 'sidewalk', 'building']"
/Users/carolinejohnson/Desktop/finalProject/data/springflowers/Image36.jpg,"['flowers', 'bushes', 'trees', 'sidewalk', 'building']"
/Users/carolinejohnson/Desktop/finalProject/data/springflowers/Image37.jpg,"['flowers', 'bushes', 'trees', 'building', 'partially clear sky']"
/Users/carolinejohnson/Desktop/finalProject/data/springflowers/Image38.jpg,"['flowers', 'bushes', 'trees', 'sidewalk', 'ground']"
/Users/carolinejohnson/Desktop/finalProject/data/springflowers/Image39.jpg,"['flowers', 'bushes', 'trees', 'building', 'sidewalk']"
/Users/carolinejohnson/Desktop/finalProject/data/springflowers/Image40.jpg,"['flowers', 'bushes', 'trees', 'grass', 'sidewalk', 'people', 'blanket']"
/Users/carolinejohnson/Desktop/finalProject/data/springflowers/Image41.jpg,"['flowers', 'bushes', 'trees', 'statue', 'sidewalk']"
/Users/carolinejohnson/Desktop/finalProject/data/springflowers/Image42.jpg,"['flowers', 'bushes', 'trees', 'building', 'grass', 'sidewalk']"
/Users/carolinejohnson/Desktop/finalProject/data/springflowers/Image43.jpg,"['flowers', 'bushes']"
/Users/carolinejohnson/Desktop/finalProject/data/springflowers/Image44.jpg,"['flowers', 'bushes', 'trees', 'sidewalk', 'building', 'ground']"
/Users/carolinejohnson/Desktop/finalProject/data/springflowers/Image45.jpg,"['flowers', 'bushes', 'trees', 'greens']"
/Users/carolinejohnson/Desktop/finalProject/data/springflowers/Image46.jpg,"['flowers', 'building', 'trees']"
/Users/carolinejohnson/Desktop/finalProject/data/springflowers/Image47.jpg,"['flowers', 'building', 'trees', 'ground']"
/Users/carolinejohnson/Desktop/finalProject/data/springflowers/Image48.jpg,"['flowers', 'building', 'trees', 'tree trunk', 'building', 'ground', '']"
/Users/carolinejohnson/Desktop/finalProject/data/italy/Image01.jpg,"['rock', 'sky', 'bushes']"
/Users/carolinejohnson/Desktop/finalProject/data/italy/Image02.jpg,"['sky', 'rocks', 'bushes', 'person']"
/Users/carolinejohnson/Desktop/finalProject/data/italy/Image03.jpg,"['rocks', 'houses', 'forest']"
/Users/carolinejohnson/Desktop/finalProject/data/italy/Image04.jpg,"['sky', 'clouds', 'houses', 'ocean']"
/Users/carolinejohnson/Desktop/finalProject/data/italy/Image05.jpg,"['sky', 'clouds', 'houses', 'ocean']"
/Users/carolinejohnson/Desktop/finalProject/data/italy/Image06.jpg,"['rock', 'sky', 'trees']"
/Users/carolinejohnson/Desktop/finalProject/data/italy/Image07.jpg,"['rock', 'sky', 'people']"
/Users/carolinejohnson/Desktop/finalProject/data/italy/Image08.jpg,"['rock', 'sky', 'people']"
/Users/carolinejohnson/Desktop/finalProject/data/italy/Image09.jpg,"['ocean', 'houses', 'trees', 'sky']"
/Users/carolinejohnson/Desktop/finalProject/data/italy/Image10.jpg,"['rock', 'sky', 'bushes', 'trees']"
/Users/carolinejohnson/Desktop/finalProject/data/italy/Image11.jpg,"['forest', 'ocean', 'sky']"
/Users/carolinejohnson/Desktop/finalProject/data/italy/Image12.jpg,"['boats', 'ocean', 'houses', 'sky']"
/Users/carolinejohnson/Desktop/finalProject/data/italy/Image13.jpg,"['ocean', 'rocks', 'trees']"
/Users/carolinejohnson/Desktop/finalProject/data/italy/Image14.jpg,"['sky', 'boats', 'houses', 'water']"
/Users/carolinejohnson/Desktop/finalProject/data/italy/Image15.jpg,"['boats', 'houses', 'water']"
/Users/carolinejohnson/Desktop/finalProject/data/italy/Image16.jpg,"['ocean', 'rocks', 'trees', 'boat']"
/Users/carolinejohnson/Desktop/finalProject/data/italy/Image17.jpg,"['church', 'sky', 'person']"
/Users/carolinejohnson/Desktop/finalProject/data/italy/Image18.jpg,"['stairs', 'stone walls']"
/Users/carolinejohnson/Desktop/finalProject/data/italy/Image19.jpg,"['ocean', 'roofs', 'church', 'boats']"
/Users/carolinejohnson/Desktop/finalProject/data/italy/Image20.jpg,"['water', 'forest', 'church', 'cactus']"
/Users/carolinejohnson/Desktop/finalProject/data/italy/Image21.jpg,"['mountains', 'ocean', 'houses']"
/Users/carolinejohnson/Desktop/finalProject/data/italy/Image22.jpg,"['window', 'church', 'water', 'forest']"
/Users/carolinejohnson/Desktop/finalProject/data/sanjuans/Image01.jpg,"['cloudy sky', 'hills', 'trees', 'water', 'sailboat', 'masts', 'rowboat']"
/Users/carolinejohnson/Desktop/finalProject/data/sanjuans/Image02.jpg,"['cloudy sky', 'hills', 'trees', 'water', '2 sailboats', 'masts', 'rowboat']"
/Users/carolinejohnson/Desktop/finalProject/data/sanjuans/Image03.jpg,"['cloudy sky', 'trees', 'beach', 'water']"
/Users/carolinejohnson/Desktop/finalProject/data/sanjuans/Image04.jpg,"['cloudy sky', 'trees', 'water']"
/Users/carolinejohnson/Desktop/finalProject/data/sanjuans/Image05.jpg,"['cloudy sky', 'trees', 'hills', 'ferryboat', 'water', 'ropes']"
/Users/carolinejohnson/Desktop/finalProject/data/sanjuans/Image06.jpg,"['cloudy sky', 'trees', 'hills', 'ferryboat', 'water', 'ropes']"
/Users/carolinejohnson/Desktop/finalProject/data/sanjuans/Image07.jpg,"['cloudy sky', 'trees', 'many sailboats', 'masts', 'water', 'ropes']"
/Users/carolinejohnson/Desktop/finalProject/data/sanjuans/Image08.jpg,"['cloudy sky', 'trees', 'many sailboats', 'masts', 'water', 'ropes']"
/Users/carolinejohnson/Desktop/finalProject/data/sanjuans/Image09.jpg,"['cloudy sky', 'trees', 'sailboats', 'power boats', 'masts', 'ropes', 'dock', 'posts (293)']"
/Users/carolinejohnson/Desktop/finalProject/data/sanjuans/Image10.jpg,"['cloudy sky', 'trees', 'water', 'wake']"
/Users/carolinejohnson/Desktop/finalProject/data/sanjuans/Image11.jpg,"['cloudy sky', 'trees', 'hotel resort', 'water']"
/Users/carolinejohnson/Desktop/finalProject/data/sanjuans/Image12.jpg,"['cloudy sky', 'trees', 'small buildings', 'water']"
/Users/carolinejohnson/Desktop/finalProject/data/sanjuans/Image13.jpg,"['cloudy sky', 'trees', 'water']"
/Users/carolinejohnson/Desktop/finalProject/data/sanjuans/Image14.jpg,"['cloudy sky', 'hills', 'trees', 'water', 'ferryboat']"
/Users/carolinejohnson/Desktop/finalProject/data/sanjuans/Image15.jpg,"['cloudy sky', 'hills', 'trees', 'water', 'ferryboat']"
/Users/carolinejohnson/Desktop/finalProject/data/sanjuans/Image16.jpg,"['partially cloudy sky', 'hills', 'trees', 'water']"
/Users/carolinejohnson/Desktop/finalProject/data/sanjuans/Image17.jpg,"['partially cloudy sky', 'hills', 'trees', 'water']"
/Users/carolinejohnson/Desktop/finalProject/data/sanjuans/Image18.jpg,"['cloudy sky', 'hills', 'trees', 'water']"
/Users/carolinejohnson/Desktop/finalProject/data/sanjuans/Image19.jpg,"['partially cloudy sky', 'hills', 'trees', 'water']"
/Users/carolinejohnson/Desktop/finalProject/data/sanjuans/Image20.jpg,"['cloudy sky', 'hills', 'trees', 'water', 'ferryboat']"
/Users/carolinejohnson/Desktop/finalProject/data/sanjuans/Image21.jpg,"['cloudy sky', 'hills', 'trees', 'water', 'ferryboat']"
/Users/carolinejohnson/Desktop/finalProject/data/sanjuans/Image22.jpg,"['cloudy sky', 'hills', 'trees', 'water', 'ferryboat']"
/Users/carolinejohnson/Desktop/finalProject/data/sanjuans/Image23.jpg,"['partly cloudy sky', 'trees', 'water']"
/Users/carolinejohnson/Desktop/finalProject/data/sanjuans/Image24.jpg,"['partly cloudy sky', 'hills', 'trees', 'water']"
/Users/carolinejohnson/Desktop/finalProject/data/sanjuans/Image25.jpg,"['partly cloudy sky', 'hills', 'trees', 'large powerboat', 'water', 'wake']"
/Users/carolinejohnson/Desktop/finalProject/data/sanjuans/Image26.jpg,"['partly cloudy sky', 'hills', 'trees', 'small sailboat', 'water']"
/Users/carolinejohnson/Desktop/finalProject/data/sanjuans/Image27.jpg,"['cloudy sky', 'trees', 'beach', 'sailboat', 'small boats', 'masts', 'water']"
/Users/carolinejohnson/Desktop/finalProject/data/sanjuans/Image28.jpg,"['cloudy sky', 'trees', 'many small boats', 'masts', 'water']"
/Users/carolinejohnson/Desktop/finalProject/data/sanjuans/Image29.jpg,"['cloudy sky', 'trees', 'dock', '3 power boats', 'water']"
/Users/carolinejohnson/Desktop/finalProject/data/sanjuans/Image30.jpg,"['cloudy sky', 'trees', 'many small boats', 'masts', 'water']"
/Users/carolinejohnson/Desktop/finalProject/data/sanjuans/Image31.jpg,"['cloudy sky', 'trees', 'many small boats', 'masts', 'water']"
/Users/carolinejohnson/Desktop/finalProject/data/sanjuans/Image32.jpg,"['cloudy sky', 'trees', 'big power boat', 'water']"
/Users/carolinejohnson/Desktop/finalProject/data/sanjuans/Image33.jpg,"['cloudy sky', 'trees', 'many boats', 'masts', 'water']"
/Users/carolinejohnson/Desktop/finalProject/data/sanjuans/Image34.jpg,"['cloudy sky', 'trees', 'boats', 'masts', 'dock', 'water', 'flags', 'bicycle', 'house', '', 'small people', 'Roche Harbor (273)']"
/Users/carolinejohnson/Desktop/finalProject/data/sanjuans/Image35.jpg,"['cloudy sky', 'trees', 'many boats', 'masts', 'water', 'Roche Harbor']"
/Users/carolinejohnson/Desktop/finalProject/data/sanjuans/Image36.jpg,"['cloudy sky', 'trees', 'many boats', 'masts', 'water', 'Roche Harbor']"
/Users/carolinejohnson/Desktop/finalProject/data/sanjuans/Image37.jpg,"['cloudy sky', 'hills', 'trees', 'small house', 'water']"
/Users/carolinejohnson/Desktop/finalProject/data/sanjuans/Image38.jpg,"['partially cloudy sky', 'trees', '2 sailboats', 'masts', 'beach', 'water', 'shadows']"
/Users/carolinejohnson/Desktop/finalProject/data/sanjuans/Image39.jpg,"['cloudy sky', 'hills', 'sailboat', 'mast', 'water']"
/Users/carolinejohnson/Desktop/finalProject/data/sanjuans/Image40.jpg,"['partially cloudy sky', 'trees', 'beach', 'sailboat', 'mast', 'water', 'shadows']"
/Users/carolinejohnson/Desktop/finalProject/data/sanjuans/Image41.jpg,"['partially cloudy sky', 'hills', 'water (281)']"
/Users/carolinejohnson/Desktop/finalProject/data/sanjuans/Image42.jpg,"['sky', 'hills', 'trees', 'water (282)']"
/Users/carolinejohnson/Desktop/finalProject/data/sanjuans/Image43.jpg,"['sky', 'hills', 'trees', 'mountain', 'water']"
/Users/carolinejohnson/Desktop/finalProject/data/sanjuans/Image44.jpg,"['sky', 'hills', 'tress', 'small houses', 'beach', 'water']"
/Users/carolinejohnson/Desktop/finalProject/data/sanjuans/Image45.jpg,"['sky', 'trees', 'hotel', 'rocks', 'dock', 'big power boat', 'boats', 'water', 'Rosario']"
/Users/carolinejohnson/Desktop/finalProject/data/sanjuans/Image46.jpg,"['sky', 'hills', 'trees', 'sailboats', 'masts', 'boats', 'dock', 'ladder']"
/Users/carolinejohnson/Desktop/finalProject/data/sanjuans/Image47.jpg,"['sky', 'trees', 'houses', 'grass', 'path', 'rocks', 'water']"
/Users/carolinejohnson/Desktop/finalProject/data/sanjuans/Image48.jpg,"['sky', 'big sailboat', 'masts', 'boats', 'dock', 'hills', 'trees', 'person', 'ropes', '']"
/Users/carolinejohnson/Desktop/finalProject/data/iran/Image01.jpg,"['citadell', 'clay houses', 'sky']"
/Users/carolinejohnson/Desktop/finalProject/data/iran/Image02.jpg,"['mosque', 'carpets', 'people', 'tiles']"
/Users/carolinejohnson/Desktop/finalProject/data/iran/Image03.jpg,"['ruins', 'clouds', 'sand']"
/Users/carolinejohnson/Desktop/finalProject/data/iran/Image04.jpg,"['mountains', 'sky', 'water', 'bushes']"
/Users/carolinejohnson/Desktop/finalProject/data/iran/Image05.jpg,"['bushes', 'trees', 'house', 'sky']"
/Users/carolinejohnson/Desktop/finalProject/data/iran/Image06.jpg,"['mosque', 'tiles', 'sky', 'people']"
/Users/carolinejohnson/Desktop/finalProject/data/iran/Image07.jpg,['roof tiles']
/Users/carolinejohnson/Desktop/finalProject/data/iran/Image08.jpg,['bricks']
/Users/carolinejohnson/Desktop/finalProject/data/iran/Image09.jpg,"['painting', 'people']"
/Users/carolinejohnson/Desktop/finalProject/data/iran/Image10.jpg,"['mosque', 'trees', 'water']"
/Users/carolinejohnson/Desktop/finalProject/data/iran/Image11.jpg,"['roof tiles', 'persian writing']"
/Users/carolinejohnson/Desktop/finalProject/data/iran/Image12.jpg,"['night image', 'monument', 'road', 'cars']"
/Users/carolinejohnson/Desktop/finalProject/data/iran/Image13.jpg,"['bricks', 'tiles', 'animals']"
/Users/carolinejohnson/Desktop/finalProject/data/iran/Image14.jpg,"['clay houses', 'sky', 'minaretts']"
/Users/carolinejohnson/Desktop/finalProject/data/iran/Image15.jpg,"['persepolis', 'ruins', 'sky']"
/Users/carolinejohnson/Desktop/finalProject/data/iran/Image16.jpg,"['trees', 'houses']"
/Users/carolinejohnson/Desktop/finalProject/data/iran/Image17.jpg,['roof tiles']
/Users/carolinejohnson/Desktop/finalProject/data/iran/Image18.jpg,"['rocks', 'sky']"
/Users/carolinejohnson/Desktop/finalProject/data/iran/Image19.jpg,"['citadell', 'clay houses', 'sky']"
/Users/carolinejohnson/Desktop/finalProject/data/iran/Image20.jpg,"['grass', 'bridge', 'sky']"
/Users/carolinejohnson/Desktop/finalProject/data/iran/Image21.jpg,"['desert', 'mountains']"
/Users/carolinejohnson/Desktop/finalProject/data/iran/Image22.jpg,"['arches', 'people', 'tiles']"
/Users/carolinejohnson/Desktop/finalProject/data/iran/Image23.jpg,"['arches', 'tiles']"
/Users/carolinejohnson/Desktop/finalProject/data/iran/Image24.jpg,"['temple', 'water', 'trees']"
/Users/carolinejohnson/Desktop/finalProject/data/iran/Image25.jpg,"['church', 'clay house', 'trees', 'sky']"
/Users/carolinejohnson/Desktop/finalProject/data/iran/Image26.jpg,"['mosque', 'tiles', 'sky', 'person']"
/Users/carolinejohnson/Desktop/finalProject/data/iran/Image27.jpg,"['minaret', 'water fountain', 'people', 'cars']"
/Users/carolinejohnson/Desktop/finalProject/data/iran/Image28.jpg,"['beach', 'ocean', 'sky']"
/Users/carolinejohnson/Desktop/finalProject/data/iran/Image29.jpg,"['bazar', 'people', 'arches']"
/Users/carolinejohnson/Desktop/finalProject/data/iran/Image30.jpg,"['mosque', 'tiles', 'people', 'sky', 'car']"
/Users/carolinejohnson/Desktop/finalProject/data/iran/Image31.jpg,"['rocks', 'sand', 'trees']"
/Users/carolinejohnson/Desktop/finalProject/data/iran/Image32.jpg,"['mosque', 'tiles', 'people', 'sky', 'car']"
/Users/carolinejohnson/Desktop/finalProject/data/iran/Image33.jpg,"['ruins', 'ocean', 'sky', 'tree', 'boats']"
/Users/carolinejohnson/Desktop/finalProject/data/iran/Image34.jpg,"['window', 'sky', 'ruins', 'clay houses']"
/Users/carolinejohnson/Desktop/finalProject/data/iran/Image35.jpg,"['beach', 'boat', 'sky', 'ocean']"
/Users/carolinejohnson/Desktop/finalProject/data/iran/Image36.jpg,"['sky', 'ruins', 'clay houses', 'people']"
/Users/carolinejohnson/Desktop/finalProject/data/iran/Image37.jpg,['clay house']
/Users/carolinejohnson/Desktop/finalProject/data/iran/Image38.jpg,"['tiles', 'mosque']"
/Users/carolinejohnson/Desktop/finalProject/data/iran/Image39.jpg,"['mosque', 'tiles', 'sky']"
/Users/carolinejohnson/Desktop/finalProject/data/iran/Image40.jpg,"['sky', 'ruins', 'clay houses']"
/Users/carolinejohnson/Desktop/finalProject/data/iran/Image41.jpg,"['people', 'roof', 'brick houses']"
/Users/carolinejohnson/Desktop/finalProject/data/iran/Image42.jpg,"['minaret', 'mosque', 'tiles', 'sky']"
/Users/carolinejohnson/Desktop/finalProject/data/iran/Image43.jpg,"['tiles', 'persian writing']"
/Users/carolinejohnson/Desktop/finalProject/data/iran/Image44.jpg,"['sky', 'Zoroasther']"
/Users/carolinejohnson/Desktop/finalProject/data/iran/Image45.jpg,"['rock house', 'person']"
/Users/carolinejohnson/Desktop/finalProject/data/iran/Image46.jpg,['roof tiles']
/Users/carolinejohnson/Desktop/finalProject/data/iran/Image47.jpg,"['mosque', 'tiles']"
/Users/carolinejohnson/Desktop/finalProject/data/iran/Image48.jpg,['tiles']
/Users/carolinejohnson/Desktop/finalProject/data/iran/Image49.jpg,"['houses', 'sky']"
